S,p1,p2,p3,p4,p5,p6,p7,p8,p9,p10,p11,p12,p1_low,p1_up,p2_low,p2_up,p3_low,p3_up,p4_low,p4_up,p5_low,p5_up,p6_low,p6_up,p7_low,p7_up,p8_low,p8_up,p9_low,p9_up,p10_low,p10_up,p11_low,p11_up,p12_low,p12_up
-2.45,0,0,0,0,0,0,0,0,0,0,0,0,1,1,1,2,1,1,1,2,1,1,NA,NA,NA,NA,1,1.3499999999999943,NA,NA,1,1,NA,NA,1,1
-2.35,0,0,0,0,0,0,0,0,0,0,0,0,1,1,1,1.9499999999999886,NA,NA,1,2,1,1,1,1,NA,NA,1,1,1,1,1,1,1,1,1,1
-2.25,0,0,0,0,0,0,0,0,0,0,0,0,1,1.549999999999999,1,2,1,1,1,1,1,1,1,1,1,1,1,2,1,1,1,1,1,1,1,1
-2.1500000000000004,0,0,0,0,0,0,0,0,0,0,0,0,1,1,1,2,1,1,1,2,1,1,1,1,1,1,1,2,NA,NA,1,1,1,1,1,1
-2.0500000000000003,0,0,0,0,0,0,0,0,0,0,0,0,1,1,1,2,1,1,1,2,1,1,1,1,1,1,1,2,1,1,1,1,1,1,1,1
-1.9500000000000002,0,1,0,0,0,0,0,0,0,0,0,0,1,1,1,2,1,1,1,2,1,1,1,1,1,1,1,2,NA,NA,1,2,NA,NA,1,1
-1.85,0,0,0,0,0,0,0,1,0,0,0,0,1,1,1,2,1,1,1,2,1,1,1,1.25,1,1,1,2,1,1,1,1,1,1,1,1
-1.75,0,0,0,0,0,0,0,0,0,0,0,0,1,1,1,3,1,2,1,2,1,1,1,1,1,1,1,2,1,1,1,1,1,1,1,1
-1.6500000000000001,0,2,1,0,0,1,0,2,0,0,0,0,1,1,1,2,1,1.3499999999999943,1,3,1,1,1,1,1,1,1,2,1,1,1,1,1,1,1,1
-1.5500000000000003,0,0,0,0,0,0,0,0,0,0,0,0,1,2,1,2,1,2,1,3,1,1,1,1,1,1,1,2,1,1,1,1.2000000000000028,1,2,1,1
-1.4500000000000002,0,0,0,1,0,0,0,0,0,0,0,0,1,2,1,2,1,2,1,4,1,1,1,1,1,1,1,2,1,1,1,2,1,1,1,2
-1.35,0,0,0,0,0,0,0,0,0,0,0,0,1,2,1,2,1,2,1,5,1,2,1,2,1,1.3499999999999943,1,3,1,1.299999999999999,1,2,1,1,1,2
-1.25,0,1,0,1,0,1,0,0,0,0,0,0,1,2,1,5,1,2,1,5,1,2,1,2,1,2,1,2,1,1,1,2,1,1.0999999999999943,1,2
-1.1500000000000001,0,0,0,0,1,0,1,1,0,0,1,0,1,2,1,3,1,3,1,13,1,2,1,2,1,2,1,4,1,1,1,2,1,2,1,2
-1.05,0,0,0,0,3,0,0,1,0,0,0,2,1,3,1,3,1,3,1,12,1,3,1,2,1,2,1,4,1,1.9499999999999886,1,2,1,2,1,2
-0.9500000000000002,3,1,0,4,0,2,0,1,0,0,0,1,1,3.8500000000000227,1,4,1,4,2,14,1,4,1,2,1,2,1,4,1,1,1,3,1,2,1,2
-0.8500000000000001,0,1,1,1,1,0,1,1,0,0,0,0,1,4,1,5,1,5,1,18,1,5,1,3,1,3,1,6,1,2,1,3,1,2,1,3
-0.75,6,1,4,1,2,2,0,2,0,0,0,1,1,5,1,6,1,7,1,15,1,6,1,5,1,3,1,8,1,3,1,3,1,3,1,4
-0.6500000000000001,2,1,1,3,6,2,3,1,0,0,0,30,1,6,1,9,1,9,5,23,1,9,1,8,1,5,2,12,1,3,1,5,1,4,1,12
-0.55,5,2,3,12,6,3,1,9,0,8,1,3,1,11,1,12,1,12,4,22,1,14,1,12,1,6,4,18,1,5,3,15.049999999999955,1,7,1,6
-0.4500000000000002,19,8,4,7,13,12,9,27,3,6,9,15,3,17,6,25,4,17,6,24,4,23,5,22,1,9,8,29,1,9,2,14,2,13,1,9
-0.3500000000000001,11,10,15,9,18,17,15,17,10,21,11,6,1,17,8,25,9,28,8,28,13,37,12,33,3,17,11,33.049999999999955,3,21,6,25,5,23,2,18
-0.25,33,20,11,13,41,23,31,26,11,44,22,9,6,23,18,51,12,38,10,31,31,59,25,52,11,32,19,42,13,39,18,43,19,43,9,26
-0.1499999999999999,30,28,37,24,38,42,45,36,42,73,40,34,8,28,15,40,23,50,11,33,34,71,38,68,22,47,17,43,27,62,35,67,27,57,17,42
-0.04999999999999982,36,29,42,27,59,72,62,40,74,70,53,21,11,34,23,48,29,58,11,32,40,70,35,73,27,57,17,41,64,103,46,81,36,68,16,41
0.04999999999999982,26,38,55,24,55,70,42,24,97,53,88,17,20,42,22,47,23,55,10,31,31,61,31,60,24,53,14,35,49,82,39,73,48,85,14,35
0.1499999999999999,33,41,46,41,48,36,20,26,58,38,56,19,15,37,7,29,19,44,8,31,17,39,16,40,18,44,6,28,26,54,23,50,42,72,7,28
0.25,24,23,22,35,28,28,15,11,24,11,37,18,12,44,5,22,11,33,23,45,3,21,4,23,12,34,3,18,8,27,6,25,17,43,2,17.049999999999955
0.3500000000000001,12,16,18,33,16,8,9,8,8,5,24,10,9,30,1,12,2,21,4,20,1,10,1,12,2,17,1,10,1,12,2,13,6,22,3,16
0.4500000000000002,21,6,18,20,5,8,4,8,10,9,8,3,11,29,1,7,1,12,1,17,1,6,1,13,1,11,1,7,1,6,1,8,1,6,1,7
0.5499999999999998,8,11,8,26,3,3,2,8,0,5,3,0,21,42,1,5,1,8,2,14,1,4,1,4,1,7,1,4,1,3,2,15,1,3,1,5
0.6499999999999999,6,10,18,17,2,4,1,4,1,0,3,2,1,10,1,3,1,6,1,11,1,3,1,3,1,5,1,3,1,2,1,4,1,2,1,5
0.75,7,5,4,8,0,1,1,0,0,1,1,1,1,7,1,4,1,8,1,8,1,2,1,2.099999999999966,1,3,1,3,1,2,1,3,1,2,1,3
0.8500000000000001,4,1,4,9,0,0,0,3,1,0,0,3,1,4,1,3,1,3,1,6,1,2,1,2,1,3,1,2,1,2,1,3,1,2,1,3
0.9500000000000002,2,3,0,3,0,0,1,1,1,2,0,1,1,3,1,2,1,3,1,4,1,2,1,2,1,2,1,2,1,1,1,4,1,1,1,3
1.0499999999999998,1,4,3,5,0,0,0,0,0,0,0,0,1,2,1,2,1,2,1,3,1,2.5,1,2,1,2,1,2,1,2,1,2,1,1.1499999999999986,1,2
1.15,1,2,0,4,0,0,0,0,0,0,0,0,1,2,1,2,1,2,1,3,1,1,1,2,1,2,1,2,1,1,1,1.5999999999999943,1,2,1,2
1.25,0,2,0,1,0,0,0,0,0,0,0,2,1,2,1,1,1,2,1,3,1,1,1,3,1,1,1,1,1,1,1,2,1,1,1,1.4000000000000057
1.35,0,1,0,0,0,0,0,0,0,0,0,0,1,2,1,1,1,1,1,2,1,1,1,2,1,1,1,2,1,1,1,2,1,1,1,2
1.4500000000000002,0,0,0,1,0,0,0,0,0,1,0,0,1,1,1,1,1,2,1,1.6500000000000057,1,1,1,1,1,1,1,1,1,1,1,1,1,1,1,2
1.5499999999999998,1,0,0,0,0,0,0,0,0,0,0,0,1,1,1,1,1,2,1,2,1,1,1,1,1,1,1,1,1,1,1,1,1,1,1,1
1.6500000000000004,0,0,0,1,0,0,0,0,0,0,0,0,1,1,1,1,1,1,1,1,1,1,1,1,1,1,1,2,1,1,1,1,1,1,1,1
1.75,0,0,0,1,0,0,0,0,0,0,0,1,1,1,1,1,1,1,1,1,1,1,1,1,NA,NA,1,1,1,1,1,1,1,1,1,1
1.8499999999999996,0,0,0,0,0,0,0,1,0,0,0,0,1,1,1,1,1,1,1,1,1,1,1,1,1,1,1,1,1,1,1,1,1,1,1,1
1.9500000000000002,0,0,0,0,0,0,0,0,0,0,0,0,1,1.0500000000000007,1,1,1,1.0500000000000007,1,1,1,1,1,1,1,1,1,1,1,1,1,1.5999999999999996,1,1,1,1
2.05,0,0,0,0,0,0,0,0,0,0,0,0,1,1,1,1,1,1,1,1,1,1,1,1,NA,NA,1,1,1,1,1,1,1,1,1,1
2.1500000000000004,0,0,0,0,0,0,0,1,0,2,0,0,1,1,1,1,1,2,1,1,NA,NA,1,1,1,1,1,1,1,1,1,1,1,1,1,1
2.25,0,0,0,0,0,0,0,0,0,0,0,0,1,1,1,1,1,1,1,1,1,1,1,1,NA,NA,1,1,1,1,1,1,1,1,1,1
2.3500000000000005,0,0,0,0,0,0,0,0,0,0,0,0,1,1,1,1,1,1,1,1,1,1,1,1.3999999999999986,NA,NA,1,1,1,1,1,1,1,1,1,1
2.45,0,0,0,0,0,0,0,0,0,0,0,0,NA,NA,1,1,1,1,1,1,1,1,1,1,NA,NA,1,1,1,1,1,1,1,1,NA,NA
