ENV,chr_snp,Slope,Inv_Logit_Coeff,SE
MAT,CE10_chr1_865732,0.23845873009123056,0.5593337926419475,0.04428389318887181
MAT,CE10_chr1_9110324,0.3033652039308176,0.5752649620726689,0.0463221769290833
MAT,CE10_chr1_10285837,0.2687780487068416,0.5667928931455457,0.046664446100105436
MAT,CE10_chr1_41675448,0.28449299962818836,0.5706473967199407,0.039144815956085946
MAT,CE10_chr1_41675470,0.29442035662913896,0.5730779633689382,0.039323034571477816
MAT,CE10_chr1_41676505,0.2762858830813892,0.5686354244793903,0.03995604847863821
MAT,CE10_chr1_41676527,0.28272690155299035,0.5702146330096332,0.039661985202852384
MAT,CE10_chr2_2890930,0.42157715387355765,0.6038605872714419,0.12052865964144684
MAT,CE10_chr2_13563156,0.20871283621837083,0.5519896190739555,0.1115846982849314
MAT,CE10_chr2_18320447,0.28067005996756833,0.5697104904063238,0.05329438939297358
MAT,CE10_chr2_18320697,0.022058689469988596,0.5055144487649472,0.03535971208310091
MAT,CE10_chr2_18584866,0.026493427638509395,0.5066229695246905,0.03590267491386383
MAT,CE10_chr2_18631100,0.04237339717815776,0.5105917645449661,0.036427674005037367
MAT,CE10_chr2_18632042,0.023937416764414594,0.505984068454603,0.036470881579593946
MAT,CE10_chr2_18734446,0.19804158336700592,0.5493492095812712,0.035031049238806594
MAT,CE10_chr2_18738517,0.03328365539315194,0.5083201457731551,0.03751404475026787
MAT,CE10_chr2_18964953,0.03719417170852783,0.5092974711034184,0.03636375982336748
MAT,CE10_chr2_18965007,0.05686168867651804,0.5142115932373623,0.03645009271291231
MAT,CE10_chr2_41091592,0.3981589287107804,0.5982452426932358,0.04331502777460075
MAT,CE10_chr2_44949494,0.0022272532565879616,0.5005568130839672,0.043408044942729394
MAT,CE10_chr3_4171962,0.12282601710873227,0.5306679586435764,0.05117844874684168
MAT,CE10_chr3_45146794,0.40863396519062634,0.6007602841404034,0.043724240354399674
MAT,CE10_chr3_49434709,0.2731724456327848,0.5678715693525191,0.05937653675697716
MAT,CE10_chr3_49436336,0.1891413447687256,0.5471448714411032,0.0716694189748033
MAT,CE10_chr3_49436387,0.18236963867546022,0.5454664665561352,0.03818716968208422
MAT,CE10_chr4_45367078,0.5294719181388703,0.6293599368376969,0.08499418550200988
MAT,CE10_chr5_6592466,0.18354957348379006,0.545758995370107,0.04896285394773317
MAT,CE10_chr5_42944506,0.10241056180379005,0.5255802873505837,0.035950161659200765
MAT,CE10_chr5_42944930,0.1077514193501362,0.5269118218608767,0.03547299959114888
MAT,CE10_chr6_257233,0.38469972174566336,0.5950061167275511,0.05657050156124336
MAT,CE10_chr6_1416066,0.2614019865518795,0.5649808998666206,0.1464786961448758
MAT,CE10_chr6_8042005,0.1428048202844774,0.5356406566781603,0.04865439506465126
MAT,CE10_chr6_52686214,0.20693971068239356,0.5515510899967824,0.03666215690927802
MAT,CE10_chr6_52686250,0.2044204304916815,0.5509278843665726,0.03699644914924148
MAT,CE10_chr6_52686281,0.24309578730067563,0.5604764157671681,0.043636574313448355
MAT,CE10_chr6_52686491,0.2186702361102113,0.5544507605643572,0.03742130246285486
MAT,CE10_chr6_52686524,0.18487135300634092,0.5460866527300567,0.04435201535405068
MAT,CE10_chr6_52686709,0.197421224210977,0.5491956258835924,0.03670705458425395
MAT,CE10_chr6_52687031,0.21636876210048567,0.5538821446621869,0.037117956853366045
MAT,CE10_chr6_52687062,0.20388276247759524,0.5507948582460206,0.036851584747045654
MAT,CE10_chr6_56504967,0.15955098400186135,0.5398033439302212,0.0352815730881136
MAT,CE10_chr6_56505268,0.18296906475435643,0.5456150798877942,0.30515093754301353
MAT,CE10_chr6_56505735,0.1505725500860413,0.5375721776722769,0.040152487198583005
MAT,CE10_chr6_56505767,0.16297901368120113,0.5406548032884907,0.03556709347049476
MAT,CE10_chr6_56507361,0.13918291133375524,0.5347396648719646,0.03466346540391129
MAT,CE10_chr6_56507770,0.1697107888851848,0.5423261569976103,0.035738966512537385
MAT,CE10_chr6_56508033,0.14359731766272246,0.5358377687700758,0.03763823723262453
MAT,CE10_chr6_56508360,0.1482623792862058,0.5369978465722994,0.03554931251772146
MAT,CE10_chr6_56508405,0.16284727141734437,0.5406220852926681,0.03627622281153275
MAT,CE10_chr6_56508510,0.16372382849080813,0.5408397703418613,0.035556833840857976
MAT,CE10_chr6_56508903,0.13967547128146335,0.5348622083163552,0.03576628428791121
MAT,CE10_chr6_56508971,0.13743580307763878,0.5343049700228245,0.034631774880038664
MAT,CE10_chr6_56509115,0.3461407936488198,0.5856814196574627,0.5759050974335397
MAT,CE10_chr6_56509130,0.15266753247195552,0.5380929246679942,0.03600905075412248
MAT,CE10_chr6_60718601,0.35469416818813443,0.5877554377348055,0.04390079898235068
MAT,CE10_chr7_11015414,0.27476136309796323,0.5682614371649077,0.0527704678201999
MAT,CE10_chr7_11303734,0.015273021505602637,0.5038181811559611,0.18005652024861066
MAT,CE10_chr7_18760873,0.37106041882310187,0.5917151881333261,0.06780782859187508
MAT,CE10_chr7_23731913,0.006207488370181764,0.5015518671093855,0.0850923321859538
MAT,CE10_chr7_28948567,0.4330794885538665,0.6066087816086019,0.07064289689410569
MAT,CE10_chr7_30318081,0.3741227544100502,0.5924548043475169,0.04173733572999641
MAT,CE10_chr7_30318160,0.39836132822580334,0.5982938880185555,0.042264799181796084
MAT,CE10_chr7_40848773,0.7408917834252213,0.6771908339314487,0.3012561129498567
MAT,CE10_chr8_4027355,0.31397274081624704,0.5778546647263157,0.041038577209066306
MAT,CE10_chr8_4030884,0.3307355367184162,0.5819383334858659,0.04137915796028921
MAT,CE10_chr8_47308615,0.1455730875851819,0.5363291387267759,0.03400558744846651
MAT,CE10_chr8_47310324,0.0020948202149432874,0.5005237048622226,0.03476060557226512
MAT,CE10_chr8_47310455,0.16773129315914856,0.5418347883311502,0.04052173999241233
MAT,CE10_chr8_47752251,0.4918298152823749,0.6205373952284489,0.07494369342038175
MAP,CE10_chr1_721069,-5.738139847319309e-4,0.49985654650775313,2.0528810375993676e-4
MAP,CE10_chr1_2597178,-0.00119548774697794,0.4997011280988509,1.6855145270633525e-4
MAP,CE10_chr1_12171428,-1.6401496553989197e-4,0.49995899625870693,1.5290321239747932e-4
MAP,CE10_chr1_32671779,-8.458943173459779e-4,0.49978852643327326,1.6030089947708943e-4
MAP,CE10_chr1_36931762,-0.0015190410498345398,0.49962023981056564,3.0207890607793344e-4
MAP,CE10_chr1_36935204,-7.823604748708482e-4,0.4998044098912588,1.689512195982282e-4
MAP,CE10_chr1_36936794,-9.945082035619558e-4,0.4997513729696014,1.6168786144210966e-4
MAP,CE10_chr1_36941008,-0.001044967010909596,0.49973875827104464,1.6549314195366476e-4
MAP,CE10_chr1_37374277,-0.0014612398934256722,0.4996346900916451,1.8019925816156713e-4
MAP,CE10_chr1_38800054,-8.396817552677994e-4,0.49979007957351695,2.3063516579478258e-4
MAP,CE10_chr1_38801440,-7.131096915692857e-4,0.4998217225846626,1.5396437462605075e-4
MAP,CE10_chr1_38804192,-0.0017502703072147167,0.4995624325349017,1.9282400544906833e-4
MAP,CE10_chr1_38806913,-0.001328622830224699,0.49966784434130507,2.46022554561607e-4
MAP,CE10_chr1_38809381,-4.978483654270554e-4,0.49987553791121386,1.9944356852512685e-4
MAP,CE10_chr1_38809930,-9.496563274259969e-4,0.4997625859359861,2.178801773395241e-4
MAP,CE10_chr1_38814297,-0.001668282752648965,0.49958292940856913,1.8698818754135535e-4
MAP,CE10_chr1_38819336,-0.00172583535601783,0.4995685412680875,1.992924694236911e-4
MAP,CE10_chr1_38824853,-6.188736429036611e-4,0.49984528159421227,2.1496180229651962e-4
MAP,CE10_chr1_38825189,-7.228316556095125e-4,0.49981929209396575,1.5658371253692783e-4
MAP,CE10_chr1_41599144,-3.3118032568439523e-4,0.49991720491933567,1.5033185024996312e-4
MAP,CE10_chr2_9752514,-5.127889796946921e-4,0.49987180275788545,1.8206635798842638e-4
MAP,CE10_chr2_18599218,-7.297369405393003e-4,0.49981756577296094,1.6326917661208814e-4
MAP,CE10_chr2_18602600,-8.713707901551251e-4,0.4997821573162449,1.739814485180154e-4
MAP,CE10_chr2_18767948,-4.7188977782274786e-4,0.4998820275577334,1.533269378132454e-4
MAP,CE10_chr2_18992699,-6.483853086465533e-4,0.49983790367851727,1.9336051413191787e-4
MAP,CE10_chr2_37365683,-0.0036343368141232924,0.49909141679654684,0.0016950528282011893
MAP,CE10_chr2_40551025,-0.0016409445488440547,0.49958976395484245,2.2016799717274323e-4
MAP,CE10_chr2_41154260,-6.373369979355256e-4,0.4998406657559096,1.5706578229502635e-4
MAP,CE10_chr2_44839490,-8.681168986771683e-4,0.4997829707889606,2.6138119651965155e-4
MAP,CE10_chr2_51394314,-5.81735489116193e-4,0.4998545661318224,1.6699778044403427e-4
MAP,CE10_chr2_51807255,-5.214304903134915e-4,0.4998696423803752,0.0011250363999885974
MAP,CE10_chr2_51899790,-0.0014574405951140222,0.49963563991571724,1.8230065320870063e-4
MAP,CE10_chr2_53118124,-0.004863985612514954,0.49878400599423856,7.719596812367539e-4
MAP,CE10_chr3_10785844,-0.0020148834235046574,0.49949627931453905,2.1493599156143214e-4
MAP,CE10_chr3_17147449,-0.0021046664599342207,0.4994738335792429,2.281649535428556e-4
MAP,CE10_chr3_18134809,-0.002063325859563105,0.4994841687181138,2.2246546521765734e-4
MAP,CE10_chr3_21030630,-0.001915914762129956,0.49952102145598415,2.1738306288169378e-4
MAP,CE10_chr3_23041587,-0.002012645844178302,0.4994968387088035,2.476795151332912e-4
MAP,CE10_chr3_24257330,-0.0019380177654487693,0.4995154957102841,2.3875765180600962e-4
MAP,CE10_chr3_34939821,-3.0415526949250217e-4,0.49992396118321303,1.866370246540265e-4
MAP,CE10_chr3_34946312,-6.132418108850255e-4,0.4998466895520833,1.7342522376403562e-4
MAP,CE10_chr3_34946478,-0.001681335552083471,0.4995796662109989,2.135590437553153e-4
MAP,CE10_chr3_43609876,-0.0011508254255523146,0.49971229367536507,1.764565088477876e-4
MAP,CE10_chr3_49430352,-6.624737377801549e-4,0.4998343815716121,1.552166938638562e-4
MAP,CE10_chr4_4248913,-0.001280771077675801,0.4996798072743507,1.7104415771247686e-4
MAP,CE10_chr4_7333178,-0.0017361087844129299,0.4995659729129126,3.29216062173896e-4
MAP,CE10_chr4_24470715,-0.001151565619701453,0.4997121086268891,3.6471634598599e-4
MAP,CE10_chr4_29957256,-0.0017808716113189857,0.49955478221483773,5.327818082283654e-4
MAP,CE10_chr4_37286264,-0.0015140844911114713,0.4996214789495339,2.0098271526583863e-4
MAP,CE10_chr5_7696347,-5.452398084026421e-4,0.4998636900512762,1.781021110158303e-4
MAP,CE10_chr5_11180046,-6.243832015741737e-4,0.49984390420467767,1.528521180664795e-4
MAP,CE10_chr5_41935975,-5.132736250318396e-4,0.49987168159655926,1.7999320657228045e-4
MAP,CE10_chr5_45891576,-9.674461146115712e-4,0.49975813849021133,1.6469962558146882e-4
MAP,CE10_chr5_47349886,-0.0012330821220119376,0.4996917295085572,3.8908465523724835e-4
MAP,CE10_chr6_297348,-0.0014119507222023265,0.49964701237809256,7.278411940998335e-4
MAP,CE10_chr6_1663400,-0.0019426315947773264,0.49951434225403757,2.2353124130073575e-4
MAP,CE10_chr6_2638799,-6.786386199889524e-4,0.49983034035151414,1.6986162967219453e-4
MAP,CE10_chr6_2959667,-0.0015490600262626118,0.4996127350708739,1.8689363013172703e-4
MAP,CE10_chr6_5667682,-0.0019829032681314986,0.4995042743453959,2.103292936549034e-4
MAP,CE10_chr6_29859239,-8.238312169372743e-5,0.49997940421958814,2.1015185863688121e-4
MAP,CE10_chr6_52689242,-0.0010344051720843623,0.4997413987300373,8.760601651747302e-4
MAP,CE10_chr6_53400520,-0.0013273838714159413,0.4996681540808706,2.015473063873418e-4
MAP,CE10_chr6_54469590,-5.611932554844307e-4,0.499859701689811,1.5067235853169568e-4
MAP,CE10_chr6_54470076,-4.5434089470028176e-4,0.49988641477827894,1.581394760461264e-4
MAP,CE10_chr6_54470821,-8.474378812805256e-4,0.49978814054235876,0.0026057304663218346
MAP,CE10_chr6_54471378,-6.387582225133329e-4,0.4998403104498013,1.6066048803366144e-4
MAP,CE10_chr6_54471431,-9.266991616083118e-4,0.49976832522617765,1.706522728748493e-4
MAP,CE10_chr6_54473473,-9.573226697738225e-4,0.49976066935083485,1.591947537824909e-4
MAP,CE10_chr6_54473683,-9.089526714798335e-4,0.4997727618477753,1.604220191305999e-4
MAP,CE10_chr6_54473729,-9.191218675955645e-4,0.4997702195492773,1.5790876183271395e-4
MAP,CE10_chr6_54476287,-0.0017504393446444544,0.4995623902755766,1.8944726853654717e-4
MAP,CE10_chr6_54477127,-7.207916313564198e-4,0.4998198020999626,1.590806597862847e-4
MAP,CE10_chr6_56542670,-9.81432477657809e-4,0.4997546419002798,1.772746291628294e-4
MAP,CE10_chr6_58952579,-0.0019093876615054078,0.49952265322964806,2.0369785776746223e-4
MAP,CE10_chr7_982905,-0.0017990515294229834,0.49955023723895225,1.8931090076092946e-4
MAP,CE10_chr7_2535310,-0.0011949235594573009,0.49970126914568075,1.7101862580530593e-4
MAP,CE10_chr7_2535959,-0.0011755010698476511,0.4997061247663778,1.7048325881745925e-4
MAP,CE10_chr7_2536471,-0.0012284239552525927,0.4996928940498061,1.7272223953246254e-4
MAP,CE10_chr7_2542296,-1.897809269222348e-4,0.49995255476841183,1.4765843540528927e-4
MAP,CE10_chr7_9883449,-0.0010061626868219482,0.49974845934951545,1.6779255377329967e-4
MAP,CE10_chr7_15769730,-7.221046335093649e-4,0.499819473849467,1.5987633699260018e-4
MAP,CE10_chr7_30609338,-0.002405891577359986,0.4993985273957861,2.163267444065866e-4
MAP,CE10_chr7_30652811,-0.0024199034850381504,0.4993950244239652,2.161303122861557e-4
MAP,CE10_chr7_39808984,-0.0018226248184686675,0.4995443439215222,2.0043142566529787e-4
MAP,CE10_chr7_41247518,-0.001403746706330892,0.49964906338104415,1.7635815235879444e-4
MAP,CE10_chr7_41247693,-0.001291595982074459,0.49967710104937024,1.833447025632503e-4
MAP,CE10_chr7_41247812,-0.0013584426581660937,0.4996603893876839,1.7301672447658876e-4
MAP,CE10_chr7_41247828,-0.0013839275311823584,0.4996540181724248,1.7291829816092148e-4
MAP,CE10_chr7_41248031,-0.001447388772262176,0.49963815287010505,1.770801513562128e-4
MAP,CE10_chr7_41248301,-0.0012785580133866743,0.4996803605401965,1.704727458495668e-4
MAP,CE10_chr7_41248417,-0.0011629126324366208,0.49970927187465514,1.6529258742742012e-4
MAP,CE10_chr7_41251230,-0.0011847263327685936,0.4997038184514507,1.6783566523782367e-4
MAP,CE10_chr7_41251302,-7.710825957383663e-4,0.49980722936061667,1.580641624679136e-4
MAP,CE10_chr7_41251950,-0.00117572364569177,0.49970606912243615,1.6630720495810686e-4
MAP,CE10_chr7_41251977,-0.0011803332106635443,0.499704916731593,1.672589749612296e-4
MAP,CE10_chr7_41252172,-0.001194954662540648,0.4997012613699126,1.6729453080858346e-4
MAP,CE10_chr7_41253054,-0.0011171029479081147,0.49972072429206577,1.678612523082354e-4
MAP,CE10_chr7_41253107,-0.0011961196014335898,0.4997009701352935,1.7340758956038225e-4
MAP,CE10_chr7_41253384,-0.0011387996052828675,0.4997153001294473,1.6473294848777344e-4
MAP,CE10_chr7_41253864,-0.0011033417172028326,0.499724164598682,1.6990916752837067e-4
MAP,CE10_chr7_41253902,-0.0010323185933552254,0.49974192037458043,1.6567362673779285e-4
MAP,CE10_chr7_41253948,-9.775660428119639e-4,0.4997556085087595,1.6211891576301663e-4
MAP,CE10_chr7_41254051,-0.0011789365436712179,0.4997052658982195,1.6649220260019543e-4
MAP,CE10_chr7_41265016,-0.0010802692882562446,0.4997299327041995,1.6705073625248844e-4
MAP,CE10_chr7_41265797,-0.0013430841429307532,0.4996642290147414,1.7359528416026262e-4
MAP,CE10_chr7_41265985,-0.0010366487486721345,0.4997408378360408,1.6124618561873925e-4
MAP,CE10_chr7_41266351,-0.0012758379483618326,0.49968104055617546,1.6899672397123662e-4
MAP,CE10_chr7_41266369,-0.0012947759985972931,0.499676306045572,1.7090969500811019e-4
MAP,CE10_chr7_41266405,-0.0012257129767825423,0.49969357179416846,1.6954941800643381e-4
MAP,CE10_chr7_41267041,-0.001262968177567576,0.4996842579975778,1.692890230463457e-4
MAP,CE10_chr7_41267688,-0.0011900365734403143,0.49970249089175056,1.696357613543903e-4
MAP,CE10_chr7_41267709,-0.0011432983199206302,0.49971417545115393,1.6718390452308138e-4
MAP,CE10_chr7_41267789,-0.001018195528051104,0.4997454511399786,1.6327071782028086e-4
MAP,CE10_chr7_41271416,-0.001506882092220367,0.4996232795482297,1.876096669625876e-4
MAP,CE10_chr8_355269,-0.0010384131772222325,0.49974039672902204,3.4856816234671095e-4
MAP,CE10_chr8_1059020,-0.0016401408972008297,0.4995899648676181,1.8781850796959298e-4
MAP,CE10_chr8_1300847,-8.64013925941091e-5,0.49997839965186497,2.4567961912622956e-4
MAP,CE10_chr8_2514047,-0.0010852533227643348,0.4997286866959377,1.7968721251657114e-4
MAP,CE10_chr8_4186577,-2.645231879326357e-4,0.4999338692034024,1.487922247500305e-4
MAP,CE10_chr8_5415315,-0.008471573214485469,0.49788211936262267,0.0072454092446784845
MAP,CE10_chr8_10079268,-0.001302067622580102,0.49967448314034446,1.8472245380239829e-4
MAP,CE10_chr8_15704151,-8.070726751382151e-7,0.4999997982318312,1.6483359712033178e-4
MAP,CE10_chr8_17188251,-1.8168032984337417e-4,0.4999545799176641,1.4984715613415055e-4
MAP,CE10_chr8_17188313,-1.2653327730578024e-4,0.4999683666807158,1.5360688282927033e-4
MAP,CE10_chr8_17188324,-2.9322854701836504e-4,0.49992669286377067,1.4993098209632744e-4
MAP,CE10_chr8_17192744,-1.2914906110668038e-4,0.4999677127347682,1.5130887460580115e-4
MAP,CE10_chr8_17194108,-3.671284705457267e-4,0.4999082178833945,1.4866161883732515e-4
MAP,CE10_chr8_17195963,-2.094828593526891e-4,0.4999476292853533,1.485024756552792e-4
MAP,CE10_chr8_40341188,-5.936900260513466e-4,0.4998515774978467,2.77151112213381e-4
MAP,CE10_chr8_47952724,-8.164022058554592e-4,0.4997958994598724,2.779358771252237e-4
PAS,CE10_chr1_2508598,-0.006706229722464584,0.4983234488527459,0.0015405623796603113
PAS,CE10_chr1_3437991,-0.010210540327846438,0.49744738709491654,0.0018903081912274061
PAS,CE10_chr1_3438300,-0.003381824831788367,0.49915454459782393,0.0015916176643117788
PAS,CE10_chr1_3438331,-0.009035107207713229,0.49774123856387065,0.0018437725532236015
PAS,CE10_chr1_3439025,-0.0015812187262899747,0.49960469540079094,0.0015280125332733285
PAS,CE10_chr1_3439906,-0.002182681895935759,0.4994543297426517,0.0015879403510767995
PAS,CE10_chr1_37374277,-0.01367859437538211,0.4965804047243018,0.0019273691528527322
PAS,CE10_chr1_38824853,-0.011488333089383745,0.4971279483157965,0.002949452171667712
PAS,CE10_chr2_3414129,-0.012213329882971507,0.4969467054829944,0.0018612758291180302
PAS,CE10_chr2_3437593,-0.006335009789201317,0.4984162528493207,0.0016480568331361473
PAS,CE10_chr2_9465532,-0.0055600425152231535,0.4986099929520906,0.0016267275179360097
PAS,CE10_chr2_9466627,-9.780888273723692e-4,0.49975547781265056,0.001574775985581404
PAS,CE10_chr2_9622868,-0.0072396582722881,0.49819009333708836,0.0020043154956480656
PAS,CE10_chr2_15169455,-0.011271517101380295,0.4971821505578912,0.0026393679335595466
PAS,CE10_chr2_18632042,-0.0013471351894109058,0.4996632162535794,0.0017519570177222036
PAS,CE10_chr2_19078421,-0.003296596099146686,0.49917585172158563,0.004990721638016258
PAS,CE10_chr2_19138768,-0.012106243257325922,0.49697347614980686,0.0019090075130305435
PAS,CE10_chr2_19259085,-0.0035197272447925203,0.4991200690972189,0.0029991992715699216
PAS,CE10_chr2_42519561,-0.01229914618684569,0.49692525221269196,0.0019550514940913644
PAS,CE10_chr2_44534506,-0.007225724718367132,0.49819357668001346,0.004518229141604053
PAS,CE10_chr2_51313516,-0.007719469211686877,0.4980701422804536,0.002265347765532042
PAS,CE10_chr2_51809393,-0.007317472529187388,0.4981706400305141,0.001678294891789557
PAS,CE10_chr3_4175533,-0.007254252338077755,0.49818644486854413,0.001681832586751164
PAS,CE10_chr3_4176104,-0.006829461752164022,0.4982926411981086,0.0017068081852763034
PAS,CE10_chr3_5816418,-0.003057918826976038,0.49923552088896783,0.0018725997876911963
PAS,CE10_chr3_22412443,-0.13315699287649518,0.46675985176581414,0.15266275764110038
PAS,CE10_chr3_45067697,-0.025996304613104575,0.493501289832549,0.003054572830832671
PAS,CE10_chr3_49436832,-0.005481844246474031,0.4986295423703045,0.0022329589864465843
PAS,CE10_chr4_9346880,-0.013170814288777368,0.49670734402584976,0.0020883220274691547
PAS,CE10_chr4_12867448,-0.034621822369814856,0.4913454088905911,0.00812639056044793
PAS,CE10_chr4_14590288,-0.00680570029652869,0.4982985814929917,0.0018934220386446488
PAS,CE10_chr4_14591969,-0.0039606982131116875,0.49900982674113653,0.0018614775829194628
PAS,CE10_chr4_14594434,-0.005962377679184721,0.4985094099960676,0.001923145129139462
PAS,CE10_chr4_14596013,-0.005640338329656037,0.4985899191558747,0.0018362313827011854
PAS,CE10_chr4_30829346,-0.003858652119075019,0.49903533816715095,0.0023657032792173986
PAS,CE10_chr4_47524457,-0.011987458790657725,0.4970031711890669,0.0017957062482915431
PAS,CE10_chr4_47524891,-0.0045967704254645326,0.49885080941719484,0.001526618994566922
PAS,CE10_chr4_47525002,-0.007870931479443649,0.4980322772887532,0.0015827929270926483
PAS,CE10_chr4_47525958,-0.008581133679461757,0.49785472974418593,0.0017296979603111434
PAS,CE10_chr4_47526264,-0.0077498556303593254,0.4980625457894012,0.0016361131655144997
PAS,CE10_chr4_47526514,-0.008415417987877925,0.49789615791906083,0.0015943576516140837
PAS,CE10_chr4_47526563,-0.0095160755990067,0.49762099905289486,0.0016510560609281659
PAS,CE10_chr4_47526634,-0.009905799463583786,0.497523570384014,0.0016555522179046616
PAS,CE10_chr4_47526697,-0.00815249745084438,0.497961886925572,0.0015765031712336433
PAS,CE10_chr4_47527780,-0.012112613573541771,0.49697188362913464,0.0016564436746785973
PAS,CE10_chr4_47528316,-0.012785178938575642,0.4968037488037191,0.0016841271789400237
PAS,CE10_chr4_47528382,-0.015531908179533174,0.49611710101407097,0.0019672330587286527
PAS,CE10_chr4_47528921,-0.011660293908296851,0.49708495955085547,0.0016749032359695925
PAS,CE10_chr4_47529299,-0.01228716338072875,0.4969282478010453,0.001657776025314177
PAS,CE10_chr4_47529890,-0.0042654718207594785,0.4989336336616209,0.0015630782199694926
PAS,CE10_chr4_47529914,-0.005256884128442041,0.49868578199440405,0.0016022821932316644
PAS,CE10_chr4_47529949,-0.009647685443475685,0.4975880973469917,0.0016418991792913247
PAS,CE10_chr5_83495,-0.011296133529753921,0.4971759966466862,0.0017156707631463789
PAS,CE10_chr5_43330852,-0.008073117176144277,0.49798173166770915,0.0016357338927645362
PAS,CE10_chr5_43332201,-0.00855651837885937,0.49786088345637697,0.0016938943601315772
PAS,CE10_chr5_43332256,-0.008965984828676481,0.49775851880865846,0.0016735443493548256
PAS,CE10_chr5_43332291,-0.00774982912535494,0.49806255241555275,0.0017129787804130688
PAS,CE10_chr5_43333658,-0.007716605501691633,0.4980708581972908,0.0016453927627927156
PAS,CE10_chr5_43334139,-0.008664076004166328,0.497833994548427,0.0016287854311250515
PAS,CE10_chr5_43334658,-0.00836125090271898,0.4979096994521387,0.0016910425170935219
PAS,CE10_chr5_43335525,-0.007854812252847357,0.4980363070331175,0.0016285746498205826
PAS,CE10_chr5_43337163,-0.007910882848948047,0.4980222896018527,0.0016501677054355194
PAS,CE10_chr5_43337538,-0.034070702400916995,0.49148314825634826,0.007899670553410103
PAS,CE10_chr6_7642955,-0.015348303548094836,0.496162999436334,0.0021915541575810767
PAS,CE10_chr6_7644775,-0.013075322313515452,0.4967312159918688,0.0020127975439213114
PAS,CE10_chr6_7647046,-0.003738894662314419,0.499065277423321,0.005170363367820006
PAS,CE10_chr6_7647449,-0.014666599305181778,0.4963334158997801,0.0017507330428333289
PAS,CE10_chr6_7647994,-0.013933821753516379,0.4965166009203359,0.0021353530751600154
PAS,CE10_chr6_7647997,-0.013440666685676632,0.496639883912602,0.0017614283618593383
PAS,CE10_chr6_52682981,-0.008456227561556694,0.49788595570714783,0.001575867093449852
PAS,CE10_chr6_52686214,-0.008900949076888555,0.49777477742221465,0.0015717309118322765
PAS,CE10_chr6_52686250,-0.008752889014408467,0.49781179171682555,0.0015761630047859978
PAS,CE10_chr6_52686281,-0.010036369393801274,0.4974909287128073,0.001858395664957019
PAS,CE10_chr6_52686491,-0.009252136854218825,0.4976869822863407,0.0015891329547169535
PAS,CE10_chr6_52686524,-0.008424762974212456,0.49789382171388535,0.0019447672366941014
PAS,CE10_chr6_52686709,-0.00823013060261385,0.4979424789631909,0.0015774501453114532
PAS,CE10_chr6_52687031,-0.008995411988476334,0.49775116216704324,0.0015764516389303693
PAS,CE10_chr6_52687062,-0.00857529069677986,0.4978561904629842,0.00158846982793227
PAS,CE10_chr6_52687204,-0.008648797063470399,0.497837814212045,0.0016546020423390587
PAS,CE10_chr6_52687892,-0.009623645013549382,0.4975941073149717,0.0016026942220266974
PAS,CE10_chr6_52688942,-0.008824644744450952,0.4977938531307241,0.001569702156117377
PAS,CE10_chr6_52689350,-0.009432617218579128,0.4976418631797873,0.001843369435320012
PAS,CE10_chr6_52689717,-0.009778257929216435,0.49755545499545883,0.0019333552809559379
PAS,CE10_chr6_55264286,-0.00988923725553347,0.49752771083462527,0.005608391721105367
PAS,CE10_chr6_56880234,-0.006501594143101081,0.49837460718976534,0.0022412411828846143
PAS,CE10_chr6_56880282,-0.008063453401991456,0.4979841475719298,0.0015911777227308674
PAS,CE10_chr6_56881003,-0.00947421077553564,0.4976314650228634,0.001665578473137823
PAS,CE10_chr6_56881246,-0.008338445984230277,0.49791540058238953,0.0016035908843554372
PAS,CE10_chr6_56882143,-0.008911085544043207,0.497772243355675,0.0016253567923026765
PAS,CE10_chr6_56883413,-0.008800872706338683,0.4977997960248631,0.0015930276714525096
PAS,CE10_chr6_56883446,-0.009230380584256945,0.49769242123770746,0.0016392013639088304
PAS,CE10_chr7_4616741,-0.008492382475191998,0.4978769171410138,0.002107744826027168
PAS,CE10_chr7_36569504,-0.002861337851599035,0.4992846660251519,0.002420903637118526
PAS,CE10_chr7_37239373,-0.009155103818150104,0.4977112400316515,0.0015882421006872692
PAS,CE10_chr8_18176200,-0.005886486103249483,0.4985283827235682,0.001536565008677525
PAS,CE10_chr8_18229212,-0.0070476927335884135,0.49823808410945636,0.0015772752259449712
PAS,CE10_chr8_18231055,-0.006709383338567324,0.4983226604575888,0.0015441324653500525
PAS,CE10_chr8_18493489,-0.004886407439972675,0.49877840057068107,0.001544410533938041
PAS,CE10_chr8_18837165,-0.004122170469345066,0.4989694588419345,0.0015563509833266278
PAS,CE10_chr8_18938069,-0.008946492322204057,0.4977633918375542,0.0015971324887977861
PAS,CE10_chr8_18942814,-0.007252848122999958,0.4981867959176961,0.0015603074370865234
PAS,CE10_chr8_18943342,-0.007135659044320386,0.49821609280827406,0.0015719434248112436
PAS,CE10_chr8_18945288,-0.006579980625687509,0.49835501077871475,0.0015383014477712887
PAS,CE10_chr8_18977703,-0.0020597700688914475,0.4994850576648372,0.0015213363194594993
PAS,CE10_chr8_18977850,-0.004278317238690388,0.4989304223217893,0.0015854719456208197
PAS,CE10_chr8_47310324,-0.0033086228264640905,0.49917284504795495,0.0015585459977755275
EXT,CE10_chr1_1722642,0.03706759753052052,0.5092658384631806,0.03382352982009815
EXT,CE10_chr1_9760162,0.5354708261056638,0.6307581888814411,0.10920851276887952
EXT,CE10_chr1_10420560,0.19533117734646332,0.5486781194967388,0.053781161089488314
EXT,CE10_chr1_38623877,0.2328991353698946,0.5579630178597702,0.044958190765823955
EXT,CE10_chr1_40315346,0.20171366955295575,0.5502581226033161,0.057070261437728885
EXT,CE10_chr1_40641544,0.17990701412426643,0.5448558330926798,0.054151735342813444
EXT,CE10_chr2_2890930,0.26943062338390394,0.5669531185000704,0.11395471466224937
EXT,CE10_chr2_18205046,0.025293697761318363,0.5063230873331881,0.03493203345240612
EXT,CE10_chr2_18318806,0.16881489218188286,0.5421037794062695,0.03381680154037521
EXT,CE10_chr2_18322390,0.1666042452890928,0.5415549857028965,0.03363695835669192
EXT,CE10_chr2_18323533,0.18387259689648644,0.5458390736648385,0.034188835129005654
EXT,CE10_chr2_18534760,0.09987853473389537,0.5249488968599901,0.03949995773966181
EXT,CE10_chr2_18536712,0.18185119959156926,0.5453379254751805,0.036250784258662246
EXT,CE10_chr2_18537074,0.03034526303222282,0.5075857336662414,0.03588401293521376
EXT,CE10_chr2_18539723,0.0013401943902453936,0.5003350485474124,0.03659160730163667
EXT,CE10_chr2_18541368,0.18722681098780664,0.546670450636615,0.03370913412075023
EXT,CE10_chr2_18541798,0.040876407925173976,0.5102176793106272,0.03636341872580627
EXT,CE10_chr2_18542068,0.008294538157057788,0.5020736226506183,0.03507620076057136
EXT,CE10_chr2_18605040,0.0614575727501825,0.5153595590280897,0.04024450449495476
EXT,CE10_chr2_18605773,0.200512750154861,0.5499609082278089,0.03661564075407276
EXT,CE10_chr2_18606148,0.012494428026435214,0.5031235663715286,0.035522686682571296
EXT,CE10_chr2_18606200,0.1999696643292286,0.5498264887198672,0.03392872539697603
EXT,CE10_chr2_18607250,2.7648490171324885e-4,0.500069121224988,0.035204769360822896
EXT,CE10_chr2_18607332,0.007111904719384313,0.5017779686858346,0.036623966669666684
EXT,CE10_chr2_18608119,0.040268478738561826,0.5100657595433814,0.035555473443931
EXT,CE10_chr2_18610313,0.0425273200108764,0.510630227922456,0.035363872319624685
EXT,CE10_chr2_18610646,0.022366942000473494,0.5055915023922832,0.03534423181334446
EXT,CE10_chr2_18628569,0.10938658559900716,0.5273194111333185,0.037966768842015365
EXT,CE10_chr2_18631100,0.022692261020061204,0.5056728218274749,0.03561397791451398
EXT,CE10_chr2_18632042,0.04063360647703282,0.5101570041470698,0.03614510406161154
EXT,CE10_chr2_18632869,0.04354213429773771,0.5108838140610095,0.03703346969450714
EXT,CE10_chr2_18687403,0.18267436829344583,0.5455420179763449,0.03389800026308191
EXT,CE10_chr2_18734446,0.16391433767778982,0.5408870795226154,0.033700523634523465
EXT,CE10_chr2_18738517,0.02832111618569248,0.5070798058352101,0.03676399656204827
EXT,CE10_chr2_18769194,0.006092474888112496,0.5015231140107538,0.03695839950377487
EXT,CE10_chr2_18963389,0.04053563570830388,0.510132521537673,0.03635233004492137
EXT,CE10_chr2_18963507,0.028473088181679585,0.5071177911758729,0.03608612731316144
EXT,CE10_chr2_18963606,0.1557738156364646,0.5388648960558797,0.044207487256149584
EXT,CE10_chr2_18965007,0.012148966592191435,0.5030372042911878,0.035358979942426295
EXT,CE10_chr3_9051058,0.3237574391685036,0.580239694937141,0.04299029056401645
EXT,CE10_chr3_9069413,0.32554643928120597,0.5806753639955495,0.04216963508186324
EXT,CE10_chr3_9074033,0.3051949200379746,0.5757119644141231,0.044238317282191596
EXT,CE10_chr3_9074298,0.30091132537531834,0.57466528274615,0.041650866106628964
EXT,CE10_chr3_9074698,0.30544621767720165,0.5757733471418762,0.041068032829810946
EXT,CE10_chr3_9076446,0.3274851567647687,0.581147351226048,0.04233854610100911
EXT,CE10_chr3_9077851,0.3166020465749935,0.578495922389386,0.041734414559721086
EXT,CE10_chr3_9078179,0.2988881298094761,0.5741706884307204,0.04023303760761047
EXT,CE10_chr3_9084105,0.29898391082472153,0.5741941065989086,0.04114861050456088
EXT,CE10_chr3_9084917,0.30990422848419685,0.5768618842192953,0.050941890294392445
EXT,CE10_chr3_9085092,0.3165052771747029,0.5784723261153826,0.04102150950077085
EXT,CE10_chr3_13096437,0.2023778658682418,0.5504224885099039,0.11178234587142205
EXT,CE10_chr4_9192054,0.1632453602212671,0.5407209489858409,0.038098339058360374
EXT,CE10_chr4_9192728,0.19729089621090845,0.549163359097818,0.03858540095939178
EXT,CE10_chr4_9193464,0.1885532116017437,0.5469991413204891,0.038051415680991976
EXT,CE10_chr4_9194258,0.18893009404519437,0.5470925277731806,0.039165375600267366
EXT,CE10_chr4_9195003,0.16331565529483047,0.540738406141266,0.038443248306555045
EXT,CE10_chr4_9195102,0.16700045960374368,0.541653353471129,0.037677410575134865
EXT,CE10_chr6_8042005,0.2574243516588715,0.5640030353160476,0.055689866226664476
EXT,CE10_chr6_10805566,0.1986698848226986,0.5495047499868778,0.05532323339944317
EXT,CE10_chr6_52682981,0.18757988499661327,0.546757948654674,0.034686979576600906
EXT,CE10_chr6_52686214,0.1858785484656623,0.5463363007229869,0.03470755626649617
EXT,CE10_chr6_52686491,0.19725955741826032,0.5491556001346883,0.03532104278699667
EXT,CE10_chr6_52686524,0.1702837617601158,0.5424683702805841,0.041895828409647666
EXT,CE10_chr6_52686709,0.19302215307046272,0.5481062707765976,0.03497995285466371
EXT,CE10_chr6_52687031,0.22183760927400342,0.5552330773801002,0.03582817914132645
EXT,CE10_chr6_52687062,0.20043523990546094,0.5499417240639187,0.03526017276238594
EXT,CE10_chr6_52687204,0.18216120810662853,0.5454147892919741,0.036213326005542515
EXT,CE10_chr6_52688209,0.18375560689445009,0.545810071830645,0.03492665521504808
EXT,CE10_chr6_56409031,0.14969217754784314,0.5373533201068101,0.05607268139573651
EXT,CE10_chr6_56504004,0.10214578842593594,0.5255142668141015,0.03588143713344414
EXT,CE10_chr6_56505268,0.031787654617153674,0.5079462445553539,0.32960399745918106
EXT,CE10_chr6_56505735,0.10366346005257593,0.5258926820244744,0.03987912182955677
EXT,CE10_chr6_56508033,0.10638796683822943,0.5265719337892849,0.03760002250444699
EXT,CE10_chr6_56508360,0.12766261044562738,0.5318723770498164,0.03526044914470202
EXT,CE10_chr7_560265,0.35996381448687753,0.5890316745381077,0.06346701916671581
EXT,CE10_chr7_4500398,0.13277501485789267,0.5331450745739006,0.08630452049683818
EXT,CE10_chr7_10591619,0.1520967864863574,0.5379510632840794,0.03635531709188351
EXT,CE10_chr7_21673362,0.22254051769780023,0.5554066533823301,0.32079232679973974
EXT,CE10_chr7_23731913,0.202480065640266,0.5504477784870692,0.09001998019963026
EXT,CE10_chr7_30566053,0.254159012656252,0.5631999095296858,0.0366457696236563
EXT,CE10_chr8_4027355,0.20761787246613964,0.5517188223473397,0.036011164290301524
EXT,CE10_chr8_4030884,0.23697164900476675,0.5589672253615301,0.03648973898019325
EXT,CE10_chr8_4036149,0.24443212060386854,0.5608055849403991,0.03508486620729004
EXT,CE10_chr8_5424868,0.262767041660948,0.5653163698658864,0.044617431175343815
EXT,CE10_chr8_6814984,0.2547559777462399,0.5633467608423804,0.03573429675246184
EXT,CE10_chr8_6815151,0.21882991747602334,0.5544902071258092,0.03473173569207211
EXT,CE10_chr8_6816036,0.10842634487084749,0.5270800613666401,0.142710668554582
EXT,CE10_chr8_10427481,0.1669979554753854,0.5416527317836419,0.0367960044905401
EXT,CE10_chr8_47308615,0.03872156148400657,0.509679181020363,0.03242972967499496
EXT,CE10_chr8_47310455,0.18920199966804488,0.5471599003090135,0.038486150754438335
CMD,CE10_chr1_1722642,2.4913133653258776e-5,0.500006228283413,3.6282968763526693e-4
CMD,CE10_chr1_2508598,0.001764358243745409,0.5004410894465119,3.8699795352523125e-4
CMD,CE10_chr1_38807365,0.0013762511561117774,0.5003440627347214,5.714078663326533e-4
CMD,CE10_chr1_38809381,8.704427271481586e-4,0.5002176106680473,4.457631223530128e-4
CMD,CE10_chr1_38824853,6.808947777665775e-4,0.500170223687865,4.67128321035419e-4
CMD,CE10_chr1_40315346,0.003167745079293987,0.5007919356075933,7.49329145228662e-4
CMD,CE10_chr2_10113152,0.002754941244330031,0.5006887348754748,4.1795375121399123e-4
CMD,CE10_chr2_39783336,0.0018767278481479832,0.5004691818243279,3.7306928371735025e-4
CMD,CE10_chr2_43752441,0.0075926734559425176,0.5018981592451282,9.26613432082184e-4
CMD,CE10_chr2_45376462,9.916818746809016e-4,0.5002479204483524,3.731661671573921e-4
CMD,CE10_chr2_45380537,0.001944293576054816,0.5004860732408895,4.318553357784647e-4
CMD,CE10_chr3_13096437,0.005022983317316367,0.5012557431890923,0.001671131630646225
CMD,CE10_chr3_14480566,0.005519218145136474,0.5013798010336876,7.368299123415065e-4
CMD,CE10_chr3_34946478,0.0045874734315115556,0.5011468663465701,6.421281297247151e-4
CMD,CE10_chr3_42841832,0.004858003743987204,0.5012144985474637,5.911621334533625e-4
CMD,CE10_chr3_48346120,7.554793653650445e-4,0.5001888698323581,7.458235460317822e-4
CMD,CE10_chr4_12951359,0.0024715633762889618,0.5006178905295339,0.003784316322533777
CMD,CE10_chr5_5813077,0.001381100444064028,0.5003452750561335,4.890391496211458e-4
CMD,CE10_chr5_5845675,0.003989952359756651,0.5009974867666304,0.0010567773071377315
CMD,CE10_chr5_41935919,0.003427904201146345,0.5008569752111276,5.366365345080148e-4
CMD,CE10_chr5_42944506,7.420530479065109e-4,0.5001855132534639,3.7143434816152334e-4
CMD,CE10_chr5_42944930,7.145811552752603e-4,0.500178645281217,3.6366710235032095e-4
CMD,CE10_chr5_51314141,0.0010698760770128915,0.5002674689937404,6.131589048943277e-4
CMD,CE10_chr6_52682981,0.002788220666079866,0.5006970547149346,4.178791876460593e-4
CMD,CE10_chr6_52686214,0.002177598644851895,0.5005443994460874,4.020100127703098e-4
CMD,CE10_chr6_52686524,0.0016753604284586257,0.5004188400091468,4.568788520716785e-4
CMD,CE10_chr6_52686709,0.0020909636828983853,0.5005227407302671,4.010210875094819e-4
CMD,CE10_chr6_52687031,0.0026265873573785635,0.5006566464618298,4.195549521217122e-4
CMD,CE10_chr6_52687204,0.002109128105629596,0.5005272818309431,4.221849797910718e-4
CMD,CE10_chr6_53301571,0.005729230069973891,0.5014323035996586,6.001285966005913e-4
CMD,CE10_chr6_53332972,0.0014178174491974653,0.5003544543029221,3.6597900154205544e-4
CMD,CE10_chr6_54174875,0.0047815272863865966,0.5011953795441003,7.405343970860706e-4
CMD,CE10_chr6_55633735,0.007150699280311813,0.50178766720276,8.937332125528802e-4
CMD,CE10_chr6_55651116,0.0029803224747024064,0.5007450800671722,4.885892427876695e-4
CMD,CE10_chr6_55652101,0.0012429536959025938,0.5003107383839698,3.617576070645278e-4
CMD,CE10_chr6_55652433,0.006554287928950805,0.501638566116354,7.440938870971631e-4
CMD,CE10_chr6_55652476,0.006528985295641705,0.5016322405256999,7.510420669880927e-4
CMD,CE10_chr6_55652579,0.006098174249613319,0.5015245388378947,7.198961740996203e-4
CMD,CE10_chr6_55654760,0.006146331210449896,0.5015365779652904,7.118127906801816e-4
CMD,CE10_chr6_55655479,0.005882942942907852,0.5014707314940151,7.098741653670795e-4
CMD,CE10_chr6_55655983,0.006614818377423169,0.5016536985644484,7.71471779147962e-4
CMD,CE10_chr6_55656562,0.007364291871893872,0.5018410646474742,8.007038219808732e-4
CMD,CE10_chr6_56396749,0.0041744667862628395,0.5010436151810479,5.741186108849302e-4
CMD,CE10_chr6_56480746,0.0022291072428702327,0.5005572765799624,4.5029155683447227e-4
CMD,CE10_chr6_56503965,0.0017245866488064389,0.5004311465553419,3.958380886064101e-4
CMD,CE10_chr6_56504967,0.001762668862747678,0.5004406671015909,3.7745421063002145e-4
CMD,CE10_chr6_56505268,0.0021868237287779387,0.5005467057143232,0.0031654473593577983
CMD,CE10_chr6_56505735,0.0018392618288716447,0.5004598153275928,4.282218709578056e-4
CMD,CE10_chr6_56505767,0.001689109762537214,0.5004222773402346,3.8084852261358043e-4
CMD,CE10_chr6_56507770,0.001721703033433188,0.5004304256520338,3.7788401023518937e-4
CMD,CE10_chr6_56508033,0.0014003597202524802,0.5003500898728523,3.9840422101960343e-4
CMD,CE10_chr6_56508405,0.0017210125065736125,0.5004302530204467,3.8898179854081056e-4
CMD,CE10_chr6_56508510,0.0015972111917918039,0.5003993027130601,3.7643390253482934e-4
CMD,CE10_chr6_56804701,3.062330062268159e-4,0.5000765582509584,3.762803195264989e-4
CMD,CE10_chr6_58348706,0.00549711979762241,0.5013742764887128,9.824834080696585e-4
CMD,CE10_chr6_60334605,0.004009723469034876,0.5010024295241804,4.379057322461794e-4
CMD,CE10_chr6_60718601,0.005911914734775825,0.5014779743790054,5.575806061095653e-4
CMD,CE10_chr7_2406420,0.0023552364368440324,0.5005888088370274,4.136984732165392e-4
CMD,CE10_chr7_2409423,0.0014071292206108816,0.5003517822471083,4.1079401474011914e-4
CMD,CE10_chr7_2409718,2.829541898970653e-4,0.5000707385470023,3.5531425665642557e-4
CMD,CE10_chr7_2412352,0.001851951391722757,0.500462987715604,3.6933312173594024e-4
CMD,CE10_chr7_2412785,0.0021129056882655756,0.5005282262255499,3.757081824392567e-4
CMD,CE10_chr7_2684373,0.004595384078205075,0.5011488439978207,5.281616665549008e-4
CMD,CE10_chr7_10591619,0.0029293709961542447,0.5007323422253398,4.5560171163558773e-4
CMD,CE10_chr7_39209611,0.0030972715673144185,0.5007743172728207,4.885093326453439e-4
CMD,CE10_chr7_41247693,0.003371601833101818,0.5008428996597898,4.794727127734154e-4
CMD,CE10_chr7_41251977,0.002776954285357583,0.5006942381252061,4.2178427821555403e-4
CMD,CE10_chr7_41253054,0.002449998157060013,0.5006124992328883,4.1491081097534574e-4
CMD,CE10_chr7_41253902,0.0022756429638879946,0.500568910495461,4.106706902055656e-4
CMD,CE10_chr8_1673324,0.002703642481219191,0.5006759102085808,4.539469769967351e-4
CMD,CE10_chr8_1695953,0.0030176650197931273,0.5007544156824536,5.902898806219688e-4
CMD,CE10_chr8_4027355,0.0044379140651410725,0.5011094766953498,5.046760730807985e-4
CMD,CE10_chr8_11198066,7.347456979793762e-4,0.5001836864162312,3.819744988325602e-4
CMD,CE10_chr8_11203297,6.444153516338293e-4,0.5001611038323334,3.8959712002816253e-4
CMD,CE10_chr8_11203347,8.15496830674444e-4,0.50020387419637,3.913810569587682e-4
CMD,CE10_chr8_15704151,2.1573194949902111e-4,0.5000539329871656,3.92228337579786e-4
CMD,CE10_chr8_47308615,0.002403073057218636,0.5006007679751971,3.8799999967778395e-4
CMD,CE10_chr8_47310455,0.0024735689243882103,0.5006183919157923,4.6536749885802694e-4
CMD,CE10_chr8_47312061,3.3466729875433185e-5,0.5000083666824681,0.00040751930048970187
Tave_wt,CE10_chr1_7256094,0.03647283816351379,0.509117198870185,0.05138583124655944
Tave_wt,CE10_chr1_9110324,0.27047140452321355,0.5672086304263478,0.04172282937033589
Tave_wt,CE10_chr1_10283002,0.03708272139356232,0.5092696181299406,0.038336875754468515
Tave_wt,CE10_chr1_10286597,0.060280283341726824,0.5150655091342098,0.044910153947774055
Tave_wt,CE10_chr1_10287740,0.18651654594998732,0.5464944255998843,0.038868780479787646
Tave_wt,CE10_chr1_10289190,0.0882504851337329,0.5220483135128826,0.03350917944748919
Tave_wt,CE10_chr1_31353575,0.12135399602369537,0.5303013213577896,0.04893321527578809
Tave_wt,CE10_chr2_39291894,0.4584351766842506,0.6126428909680375,0.0789198369856501
Tave_wt,CE10_chr2_41091592,0.39889775760714746,0.598422805749718,0.040202868255079835
Tave_wt,CE10_chr2_44949494,0.07598605774293117,0.5189873794090504,0.03957870855444605
Tave_wt,CE10_chr2_53369741,0.05123055115311894,0.5128048373121268,0.04365583054600367
Tave_wt,CE10_chr2_53400478,0.3787984972124017,0.5935832824177513,0.03780211458070496
Tave_wt,CE10_chr3_4170715,0.505753094967391,0.6238103743123171,0.2051089038655458
Tave_wt,CE10_chr3_4171962,0.08239168654805995,0.5205862773144453,0.044708377254808376
Tave_wt,CE10_chr3_4173824,0.19387427818707903,0.5483173213922078,0.3138975552296714
Tave_wt,CE10_chr3_4176903,0.07218555528760416,0.5180385566280549,0.031909040227114785
Tave_wt,CE10_chr3_4176960,0.08489392409786874,0.521210743773412,0.03226895367322926
Tave_wt,CE10_chr3_45146794,0.3778556597625484,0.5933558102122051,0.03919279983827347
Tave_wt,CE10_chr4_40297522,0.42466089955965575,0.6045980224918063,0.057759232472492206
Tave_wt,CE10_chr5_4521710,0.1133749387803164,0.5283134130968065,0.029783198304211025
Tave_wt,CE10_chr5_4523045,0.11558545669155715,0.5288642358155403,0.029978013720985037
Tave_wt,CE10_chr5_4529685,0.11832030420880625,0.5295456149604807,0.03031915415837063
Tave_wt,CE10_chr5_6592466,0.10580908231820024,0.5264276191750901,0.04106605945866309
Tave_wt,CE10_chr5_6617039,0.2931634597580721,0.5727704232615352,0.040714535272412956
Tave_wt,CE10_chr5_42985612,6.587517957328288e-4,0.5001646879429776,0.03910766418814685
Tave_wt,CE10_chr6_1229607,0.09509112705001882,0.5237548845157581,0.04474790173547736
Tave_wt,CE10_chr6_8042005,0.05249035577878567,0.5131195767872397,0.041564827953512705
Tave_wt,CE10_chr6_52686214,0.17544092049855467,0.543748075594835,0.03241229987754117
Tave_wt,CE10_chr6_52686250,0.17671451954789827,0.54406402017709,0.03277609390373888
Tave_wt,CE10_chr6_52686281,0.21639601745041054,0.5538888793597146,0.039780286267756385
Tave_wt,CE10_chr6_52686491,0.18423322109182066,0.5459284704838983,0.03309519302711596
Tave_wt,CE10_chr6_52686524,0.1416369239400044,0.535350154060825,0.03893365715972089
Tave_wt,CE10_chr6_52686709,0.15341415894568608,0.538278492592078,0.032042495148677665
Tave_wt,CE10_chr6_52687062,0.16246304846477963,0.5405266620933119,0.032364914537573425
Tave_wt,CE10_chr6_56505268,0.14161812551581038,0.5353454779428078,0.23723480887280693
Tave_wt,CE10_chr6_56505735,0.1143270938854985,0.5285506821641646,0.0340982901873667
Tave_wt,CE10_chr6_56506818,0.10640872016178682,0.5265771074640703,0.030574771275496425
Tave_wt,CE10_chr6_56507361,0.09680959135052195,0.5241835132679331,0.029642738491660776
Tave_wt,CE10_chr6_56508033,0.10073014365190869,0.5251612644827437,0.03272866196203998
Tave_wt,CE10_chr6_56508360,0.09197558343415546,0.5229776998057336,0.030287194880342344
Tave_wt,CE10_chr6_56508405,0.10536894504472409,0.5263178909824169,0.030849651937895288
Tave_wt,CE10_chr6_56508510,0.1210908629570249,0.5302357791698218,0.030413484158504204
Tave_wt,CE10_chr6_56508903,0.10458262943945475,0.5261218526612177,0.030569606605390515
Tave_wt,CE10_chr6_56508971,0.09691482820510705,0.5242097608677896,0.02967941082765854
Tave_wt,CE10_chr6_56509115,0.33637650728020024,0.5833100655995712,0.5225428371827446
Tave_wt,CE10_chr6_60677520,0.4740745927260161,0.6163477033186913,0.10684689232850411
Tave_wt,CE10_chr7_8719138,0.31943804863990105,0.5791872941945637,0.051275950964519146
Tave_wt,CE10_chr7_11015414,0.2825998329555683,0.5701834920426947,0.04469620251988946
Tave_wt,CE10_chr8_47310324,0.028415284515083707,0.5071033431817878,0.02990350876940186
Tave_wt,CE10_chr8_47310986,0.15103749536618236,0.5376877556225755,0.0361434534130477
Tave_sm,CE10_chr1_10420560,0.24637892113332938,0.5612850302234598,0.060115532698413014
Tave_sm,CE10_chr1_37340153,0.011690271093266542,0.5029225344900017,0.03637887637501743
Tave_sm,CE10_chr1_40641544,0.13971502086864604,0.5348720476320604,0.05582107743626267
Tave_sm,CE10_chr2_2890930,0.1491575206327724,0.5372203992176513,0.10570434295340153
Tave_sm,CE10_chr2_13563156,0.12534296677212228,0.5312947800935696,0.10947675107038277
Tave_sm,CE10_chr2_18318806,0.15033575674208163,0.5375133130865661,0.034456918838557345
Tave_sm,CE10_chr2_18511041,0.02824644290160605,0.5070611412472273,0.03642837911218623
Tave_sm,CE10_chr2_18534760,0.07511871400467275,0.5187708526174349,0.03997426102447173
Tave_sm,CE10_chr2_18539723,0.014551242235610154,0.5036377463715034,0.03779308825375604
Tave_sm,CE10_chr2_18541798,0.019104972615361353,0.5047760978817554,0.03725913459058282
Tave_sm,CE10_chr2_18542068,0.012351203984117752,0.5030877617423818,0.03636146689760895
Tave_sm,CE10_chr2_18582838,0.03641469302937209,0.5091026674121666,0.036675359143931344
Tave_sm,CE10_chr2_18584866,0.010382309355187589,0.502595554023767,0.0363553906861882
Tave_sm,CE10_chr2_18588476,0.08834544538980574,0.5220720073644234,0.04094875549665866
Tave_sm,CE10_chr2_18631100,0.0057578645217881315,0.5014394621535747,0.03669287327642473
Tave_sm,CE10_chr2_18632042,0.03304967013395975,0.5082616655423638,0.037042473544139816
Tave_sm,CE10_chr2_18632869,0.03436051083119809,0.5085892826501716,0.03790699636697351
Tave_sm,CE10_chr2_18687403,0.15149476936772524,0.5378014226652179,0.03440113194852547
Tave_sm,CE10_chr2_18734446,0.1375398656766191,0.5343308631160222,0.03440953169408838
Tave_sm,CE10_chr2_18738517,0.00812717817357691,0.5020317833599587,0.03786518676280281
Tave_sm,CE10_chr2_18741844,0.005167024070975289,0.5012917531437948,0.036712745765614715
Tave_sm,CE10_chr2_18960949,0.1895928268816111,0.5472567361046694,0.03508654768948046
Tave_sm,CE10_chr2_18961314,0.21858902573287187,0.5544306986607764,0.036514082939132345
Tave_sm,CE10_chr2_18963389,0.022344013981781995,0.505585771103718,0.03719896092897584
Tave_sm,CE10_chr2_18963507,0.01204565577995196,0.503011377533049,0.037139915128628305
Tave_sm,CE10_chr2_18963606,0.11645184122339693,0.5290801047134809,0.043456825209048415
Tave_sm,CE10_chr2_18965007,0.025162190743117176,0.5062902158091905,0.03690693897911259
Tave_sm,CE10_chr2_41091592,0.2811125179269021,0.5698189514013507,0.039829229636506425
Tave_sm,CE10_chr3_13096437,0.27254636441044866,0.5677179265976031,0.1268878090613885
Tave_sm,CE10_chr3_28931309,0.4855191459063315,0.6190502910008441,0.1110558040919815
Tave_sm,CE10_chr3_43102264,0.23119834795832345,0.55754349390509506,0.06858143199983048
Tave_sm,CE10_chr3_45146794,0.3121021251737327,0.5773982829369966,0.0411941164622141
Tave_sm,CE10_chr3_49434709,0.3501248268547917,0.5866478487771228,0.06355574559100675
Tave_sm,CE10_chr3_49436387,0.09145356155504017,0.5228474683911433,0.03712511780730726
Tave_sm,CE10_chr4_43732031,0.1846223182262362,0.5460249222716407,0.07940431488227996
Tave_sm,CE10_chr4_45367078,0.4038175510947595,0.5996045212488625,0.0798232376266938
Tave_sm,CE10_chr5_3851138,0.2656129981776194,0.566015587047477,0.06506571082241017
Tave_sm,CE10_chr5_6592466,0.203049023100878,0.5505885658230343,0.05071297459365732
Tave_sm,CE10_chr5_41394643,0.050801183675875855,0.5126975652554328,0.03421975305911549
Tave_sm,CE10_chr5_42944506,0.12655960509069752,0.5315977365700775,0.03583938192443523
Tave_sm,CE10_chr6_8042005,0.25332230048657767,0.5629940626337135,0.054330955886691144
Tave_sm,CE10_chr6_10140458,0.09447677597450857,0.5236016411902485,0.03385948266369459
Tave_sm,CE10_chr6_10145222,0.18859443324187364,0.5470093556554553,0.04707829585315186
Tave_sm,CE10_chr6_52682981,0.21940792405557902,0.554632988062617,0.036954532124561235
Tave_sm,CE10_chr6_52686214,0.19993589678632256,0.5498181306540477,0.03676249485796641
Tave_sm,CE10_chr6_52686491,0.2111002742932598,0.5525799519836827,0.037594721791811045
Tave_sm,CE10_chr6_52686524,0.21806157734211976,0.5543003954970375,0.046652783160538266
Tave_sm,CE10_chr6_52686709,0.21096986837145462,0.5525477108091157,0.03733947728067399
Tave_sm,CE10_chr6_52687031,0.23755115261693147,0.5591100813674181,0.03803547006440155
Tave_sm,CE10_chr6_52687062,0.21478693932677737,0.5534912482165234,0.03739531634884778
Tave_sm,CE10_chr6_52687204,0.19435813915016278,0.548437154224919,0.03823678049015555
Tave_sm,CE10_chr6_52689350,0.2663575656685807,0.5661984750541512,0.04679287701789056
Tave_sm,CE10_chr6_56409031,0.18172047156390894,0.5453055119912529,0.05501877527762614
Tave_sm,CE10_chr6_56504004,0.14204517932652916,0.5354517062708918,0.03706536193224718
Tave_sm,CE10_chr6_56504967,0.15780374377939765,0.5393692719605606,0.035772378476870925
Tave_sm,CE10_chr6_56505268,0.21104799781077904,0.5525670273537875,0.3255863257589381
Tave_sm,CE10_chr6_56505735,0.13204514272390694,0.5329634039881387,0.04117620160347479
Tave_sm,CE10_chr6_56505767,0.14083186942404546,0.5351498907664037,0.03599660905669274
Tave_sm,CE10_chr6_56507770,0.15790646175174658,0.5393947921437732,0.0362145570940152
Tave_sm,CE10_chr6_56508033,0.14706503729420398,0.5367001368919944,0.03818558326317002
Tave_sm,CE10_chr6_56508360,0.16995670609575575,0.5423871951030566,0.036652127301815156
Tave_sm,CE10_chr6_56508405,0.1762366606724204,0.5439454807933567,0.037562062163152485
Tave_sm,CE10_chr6_56508510,0.15592822799229453,0.5389032656776986,0.03643354535788446
Tave_sm,CE10_chr6_56508903,0.12540655644335857,0.5313106152024732,0.03626590049701268
Tave_sm,CE10_chr6_56509130,0.1324272832906603,0.5330585227019012,0.036591241058128374
Tave_sm,CE10_chr6_60718601,0.247574500117819,0.5615794129435495,0.04103984866001313
Tave_sm,CE10_chr7_10591619,0.2544814776546354,0.563279236163029,0.040734586774549934
Tave_sm,CE10_chr7_23731913,0.19226802653317876,0.5479194775842589,0.09741928491888417
Tave_sm,CE10_chr7_30318081,0.3304325515528299,0.5818646195742275,0.03971598716911442
Tave_sm,CE10_chr7_30318160,0.3438230149575992,0.5851188790430903,0.03976706441393252
Tave_sm,CE10_chr7_30907068,0.23242154242510102,0.5578452209393507,0.0368404584830133
Tave_sm,CE10_chr7_30912263,0.24360376262345793,0.5606015478836958,0.03725305718336713
Tave_sm,CE10_chr7_33956812,0.1141243479297723,0.5285001606495932,0.08457179933892685
Tave_sm,CE10_chr7_40848773,0.450780665007968,0.6108248280099665,0.254991463242426
Tave_sm,CE10_chr8_1037756,0.253305439337881,0.5629899142514191,0.04974232122625894
Tave_sm,CE10_chr8_4027355,0.2571561971766968,0.5639370940291133,0.039238755369529046
Tave_sm,CE10_chr8_4030884,0.27588173403191546,0.5685362883424686,0.0396602619727594
Tave_sm,CE10_chr8_6815151,0.2021951113243929,0.5503772640974776,0.035398581805990655
Tave_sm,CE10_chr8_11198607,0.09947749260688409,0.524848884956554,0.04176732235828307
Tave_sm,CE10_chr8_47308615,0.04247457381518064,0.510617047326557,0.03343462562529938
Tave_sm,CE10_chr8_47309276,0.14400289286354165,0.5359386402039874,0.03811699201253343
PPT_wt,CE10_chr1_721069,-0.0010653666245568085,0.4997336583690524,4.398219506398365e-4
PPT_wt,CE10_chr1_2597178,-0.0025040144167197908,0.49937399672291133,3.638429042461629e-4
PPT_wt,CE10_chr1_12171428,-8.023146888049305e-5,0.4999799421327906,3.323204025526418e-4
PPT_wt,CE10_chr1_32671779,-0.0021419266875743505,0.4994645185328321,3.5354300232509725e-4
PPT_wt,CE10_chr1_36931762,-0.00295469665309077,0.4992613263741265,6.570565839682038e-4
PPT_wt,CE10_chr1_36936794,-0.002314598869835958,0.4994213505408775,3.5513913425224244e-4
PPT_wt,CE10_chr1_36941008,-0.0023762180125114244,0.499405945776395,3.622351099669899e-4
PPT_wt,CE10_chr1_38801440,-0.0013029652564105674,0.4996742587319822,3.3080515360465795e-4
PPT_wt,CE10_chr1_38804192,-0.003494662207831155,0.49912633533718975,4.046271805962606e-4
PPT_wt,CE10_chr1_38806913,-0.0027267383571177818,0.49931831583308645,5.246920235394524e-4
PPT_wt,CE10_chr1_38809381,-9.625569803333707e-4,0.49975936077349625,4.281878662021229e-4
PPT_wt,CE10_chr1_38814297,-0.0032972583660002305,0.4991756861553222,3.917495965966576e-4
PPT_wt,CE10_chr1_38819336,-0.003424478398534929,0.49914388123701187,4.1830531672616407e-4
PPT_wt,CE10_chr1_38825189,-0.0013894546388156723,0.49965263639618057,3.389927024893236e-4
PPT_wt,CE10_chr2_9465532,-6.463729521901831e-4,0.49983840676757857,3.659533653945113e-4
PPT_wt,CE10_chr2_9466318,-7.87261245483309e-4,0.4998031846987943,3.562632136588265e-4
PPT_wt,CE10_chr2_9466627,-0.0022119003165955767,0.4994470251463036,3.7971680237895017e-4
PPT_wt,CE10_chr2_9467112,-0.0016078603668075906,0.4995980349948953,4.003630628748687e-4
PPT_wt,CE10_chr2_9473328,-0.0014043999596110364,0.4996489000678046,4.394404188556065e-4
PPT_wt,CE10_chr2_9752514,-0.0010833900409944535,0.4997291525162434,3.9513041406196385e-4
PPT_wt,CE10_chr2_15872273,-0.002532008951376366,0.49936699810034074,4.5353880817987645e-4
PPT_wt,CE10_chr2_18599218,-0.0017817501084819135,0.49955456259072123,3.618648520352334e-4
PPT_wt,CE10_chr2_18601651,-0.0024847827309137397,0.4993788046368841,4.0730898517247983e-4
PPT_wt,CE10_chr2_18602600,-0.0021084803285140734,0.4994728801131557,3.8576282536343466e-4
PPT_wt,CE10_chr2_18603888,-2.638784113953148e-4,0.499934030397534,3.65805864527525e-4
PPT_wt,CE10_chr2_18628569,-0.0018535654384755254,0.49953660877305406,3.794882027340437e-4
PPT_wt,CE10_chr2_18632846,-4.4486026225567176e-4,0.49988878493627026,3.6775056043351705e-4
PPT_wt,CE10_chr2_18632934,-0.0028247639473934685,0.4992938094827266,4.086280381196132e-4
PPT_wt,CE10_chr2_18633093,-8.406403225464124e-4,0.49978983993173964,3.4965818309074334e-4
PPT_wt,CE10_chr2_18633388,-0.0028246896209318567,0.4992938280643049,3.897474641758639e-4
PPT_wt,CE10_chr2_18686936,-0.003566158403611798,0.49910846134394105,4.2605879707694236e-4
PPT_wt,CE10_chr2_18690553,-6.58586087157748e-4,0.4998353534841617,3.25021072092935e-4
PPT_wt,CE10_chr2_18691582,-6.125224722142292e-4,0.4998468693867341,3.2345575694594565e-4
PPT_wt,CE10_chr2_18736627,-9.66441051547905e-4,0.4997583897559185,3.271578443783736e-4
PPT_wt,CE10_chr2_18739008,-8.660144216659046e-4,0.49978349640811465,3.287451184232798e-4
PPT_wt,CE10_chr2_18742006,-7.321179703568873e-4,0.4998169705155861,3.2719487938329226e-4
PPT_wt,CE10_chr2_18767948,-9.082351359067002e-4,0.4997729412316315,3.3308072015634344e-4
PPT_wt,CE10_chr2_18769326,-9.499589208682806e-4,0.4997625102876426,3.3432611479225564e-4
PPT_wt,CE10_chr2_18969356,-0.0030790359049614625,0.4992302416318983,3.9849394759643034e-4
PPT_wt,CE10_chr2_18974047,-0.001757143690594896,0.4995607141903779,4.373189751102511e-4
PPT_wt,CE10_chr2_18992699,-0.0017041634762525917,0.49957395923404485,4.3055230371757204e-4
PPT_wt,CE10_chr2_31567664,-0.005166885125949288,0.49870828159222985,9.110027371937873e-4
PPT_wt,CE10_chr2_41154260,-0.0013460946609105174,0.4996634763855866,3.432330745207132e-4
PPT_wt,CE10_chr2_44839490,-0.0016954348781549036,0.49957614138199313,5.800392700230567e-4
PPT_wt,CE10_chr2_47098514,-0.005562596227645258,0.4986093545289214,4.8507017977494004e-4
PPT_wt,CE10_chr2_51394314,-0.0011572038285952199,0.4997106990751352,3.5997062109668963e-4
PPT_wt,CE10_chr2_51807255,-0.0014949809187158704,0.49962625483993006,0.002501800830929815
PPT_wt,CE10_chr2_51899790,-0.0029477325963472817,0.4992630673845216,3.844107650059759e-4
PPT_wt,CE10_chr2_53118124,-0.01005283251603218,0.4974868130360622,0.0015729039719410583
PPT_wt,CE10_chr3_8204970,-0.004580181653034561,0.4988549565884735,4.6746181844066443e-4
PPT_wt,CE10_chr3_10780712,-0.003598449040425066,0.49910038871063667,4.211647142436646e-4
PPT_wt,CE10_chr3_10785844,-0.0041897999562126855,0.4989525515432258,4.568194523948043e-4
PPT_wt,CE10_chr3_16033624,-0.0056213910805052395,0.4985946559306156,6.721154543523542e-4
PPT_wt,CE10_chr3_18134809,-0.004723700988822128,0.4988190769486561,4.912107481148483e-4
PPT_wt,CE10_chr3_19111957,-0.0041508550892863155,0.49896228771762513,5.003175207848803e-4
PPT_wt,CE10_chr3_21030630,-0.004314280640466818,0.49892143151283397,4.769171087201687e-4
PPT_wt,CE10_chr3_29841144,-0.006013485676260351,0.49849663311132947,0.0010120118054662893
PPT_wt,CE10_chr3_34939821,-8.72470399576473e-4,0.4997818824139419,4.073641351480655e-4
PPT_wt,CE10_chr3_34946312,-0.001421733943203989,0.4996445665740697,3.781811257443808e-4
PPT_wt,CE10_chr3_34946478,-0.0036370522607273212,0.4990907379371391,4.6928154256814633e-4
PPT_wt,CE10_chr3_49430352,-0.0014344272075627659,0.49964139325959783,3.3672525062089384e-4
PPT_wt,CE10_chr4_4248913,-0.00278439545283543,0.49930390158652044,3.702860658533041e-4
PPT_wt,CE10_chr4_7333178,-0.0039058470204071335,0.4990235394862755,7.590110868069576e-4
PPT_wt,CE10_chr4_24470715,-0.0025001460053369765,0.4993749638242434,7.708533299414011e-4
PPT_wt,CE10_chr4_29957256,-0.003493204265097954,0.4991266998217607,0.001102993625554146
PPT_wt,CE10_chr5_11180046,-0.0013632515295656437,0.49965918717039076,3.319773571350835e-4
PPT_wt,CE10_chr5_41935975,-0.0012612439925092425,0.4996846890436708,3.92329373933853e-4
PPT_wt,CE10_chr5_45891576,-0.0017555621185021443,0.4995611095830961,3.5267184170174426e-4
PPT_wt,CE10_chr6_297348,-0.003003668903117879,0.4992490833387863,0.0015499382025320025
PPT_wt,CE10_chr6_1663400,-0.003807427137607785,0.4990481443654792,4.601972199499252e-4
PPT_wt,CE10_chr6_2638799,-0.001469372456836339,0.4996326569518837,3.706632065910795e-4
PPT_wt,CE10_chr6_5667682,-0.004214890871047871,0.4989462788422107,4.464301825460385e-4
PPT_wt,CE10_chr6_49504946,-0.0013289853132992166,0.49966775372057637,5.754501267997044e-4
PPT_wt,CE10_chr6_53400520,-0.002827973020189757,0.4992930072161296,4.31321226918027e-4
PPT_wt,CE10_chr6_54470076,-7.28603514168632e-4,0.49981784912951593,3.4141985116944805e-4
PPT_wt,CE10_chr6_54470821,-0.0020116265851816513,0.49949709352329474,0.005431627930335993
PPT_wt,CE10_chr6_54473473,-0.001833775660098319,0.49954155621344415,3.404510654610389e-4
PPT_wt,CE10_chr6_54473683,-0.0016807624062381932,0.499579809497359,3.4319934764007203e-4
PPT_wt,CE10_chr6_54473729,-0.0017399102415406073,0.49956502254934837,3.3763438356106655e-4
PPT_wt,CE10_chr6_54476287,-0.0034665146576618776,0.49913337220341986,3.9656223957035573e-4
PPT_wt,CE10_chr6_54477127,-0.0012561475775970795,0.4996859631468941,3.410539491612294e-4
PPT_wt,CE10_chr6_58952579,-0.003989389027677342,0.49900265406582905,4.331088430745443e-4
PPT_wt,CE10_chr7_982905,-0.0034722290026749317,0.49913194362146546,3.914986331286225e-4
PPT_wt,CE10_chr7_2535310,-0.0023870997051725945,0.4994032253570875,3.6654786084168195e-4
PPT_wt,CE10_chr7_2535959,-0.002311567042075552,0.49942210849680374,3.6542893529166145e-4
PPT_wt,CE10_chr7_2542296,-2.3200975982722317e-4,0.49994199756030333,3.215720578119403e-4
PPT_wt,CE10_chr7_9883449,-0.002137581404385042,0.49946560485238595,3.6103698084112573e-4
PPT_wt,CE10_chr7_15769730,-0.0018203236802163919,0.499544919205608,3.537476300729081e-4
PPT_wt,CE10_chr7_30652811,-0.004978292461878367,0.4987554294549197,4.52800441393587e-4
PPT_wt,CE10_chr7_31217967,-0.002776603943522415,0.4993058494600839,4.191925264107018e-4
PPT_wt,CE10_chr7_40352832,-0.0044077146764071855,0.4988980731149126,0.0011549284822567959
PPT_wt,CE10_chr7_41246261,-0.003358066505900183,0.4991604841624325,3.8430592350832557e-4
PPT_wt,CE10_chr7_41247693,-0.002783490839390848,0.49930412773944344,3.995895251806971e-4
PPT_wt,CE10_chr7_41247812,-0.0029223440130568094,0.4992694145166748,3.738408365051307e-4
PPT_wt,CE10_chr7_41247828,-0.0029574255742616765,0.4992606441453243,3.7208663101817596e-4
PPT_wt,CE10_chr7_41248031,-0.0030452652878084924,0.4992386842663951,3.800408238419373e-4
PPT_wt,CE10_chr7_41248301,-0.0026695967020374045,0.49933260122085577,3.6645670974958216e-4
PPT_wt,CE10_chr7_41248417,-0.002395712821652941,0.499401072081046,3.5505398564223886e-4
PPT_wt,CE10_chr7_41251230,-0.002452973024483325,0.49938675705137325,3.606107298732285e-4
PPT_wt,CE10_chr7_41251302,-0.001576444894679294,0.49960588885794993,3.4267803212901854e-4
PPT_wt,CE10_chr7_41251950,-0.002403259428966827,0.4993991854319331,3.563818283501114e-4
PPT_wt,CE10_chr7_41252172,-0.0025489461791526357,0.4993627638002289,3.6183890037066373e-4
PPT_wt,CE10_chr7_41253054,-0.00229177295585982,0.49942705701180373,3.6079360351560564e-4
PPT_wt,CE10_chr7_41253107,-0.0024392023584662455,0.4993901997127278,3.729824226578659e-4
PPT_wt,CE10_chr7_41253384,-0.002362725401571833,0.4994093189243954,3.5468408410002715e-4
PPT_wt,CE10_chr7_41253864,-0.002273937497185799,0.4994315158706629,3.649714857138489e-4
PPT_wt,CE10_chr7_41253902,-0.0021079235664669066,0.49947301930351284,3.554824270939917e-4
PPT_wt,CE10_chr7_41253948,-0.0020444545618601936,0.499488886537564,3.499110187393947e-4
PPT_wt,CE10_chr7_41254051,-0.0024352968815130223,0.4993911760805163,3.5792393199375773e-4
PPT_wt,CE10_chr7_41265016,-0.002245126603774449,0.49943871858482236,3.6052693313349036e-4
PPT_wt,CE10_chr7_41265797,-0.002765866208153548,0.4993085338887721,3.712796329925252e-4
PPT_wt,CE10_chr7_41265875,-0.0025481100619049045,0.49936297282920133,3.6325715190168743e-4
PPT_wt,CE10_chr7_41266351,-0.0026977104930478637,0.4993255727857579,3.638532298840027e-4
PPT_wt,CE10_chr7_41266369,-0.0026970693729463386,0.4993257330654917,3.660974859571978e-4
PPT_wt,CE10_chr7_41266405,-0.0026137832067127473,0.4993465545703426,3.6612440687755645e-4
PPT_wt,CE10_chr7_41266603,-0.002329101976903475,0.4994177247689973,3.523907203594192e-4
PPT_wt,CE10_chr7_41267688,-0.002493769507031353,0.4993765579463351,3.6573596150400164e-4
PPT_wt,CE10_chr7_41267709,-0.0024098235969941257,0.4993975443923024,3.612574609830455e-4
PPT_wt,CE10_chr7_41267789,-0.002196081558627397,0.49945097983099307,3.5502652606564513e-4
PPT_wt,CE10_chr7_41267876,-0.00240369412382456,0.4993990767583757,3.543785513285821e-4
PPT_wt,CE10_chr7_41271416,-0.0031050908038472306,0.4992237279227462,4.001148870999253e-4
PPT_wt,CE10_chr7_45545835,-0.0022408502954877263,0.4994397876605493,4.244937389612165e-4
PPT_wt,CE10_chr8_355269,-0.0020474074838410907,0.49948814830784133,7.38160106459416e-4
PPT_wt,CE10_chr8_887918,-5.77211971756021e-4,0.4998556970110674,4.229751225774559e-4
PPT_wt,CE10_chr8_1300847,-2.8893912260984794e-4,0.4999277652198501,5.358774210003478e-4
PPT_wt,CE10_chr8_2514047,-0.0022274090642261275,0.4994431479641716,3.8162127583312523e-4
PPT_wt,CE10_chr8_4186577,-7.122144167091938e-4,0.49982194640334915,3.2579032587050756e-4
PPT_wt,CE10_chr8_17188251,-1.5648147621683128e-4,0.4999608796310256,3.268679030087834e-4
PPT_wt,CE10_chr8_17188313,-5.320897703732859e-4,0.49986697756054516,3.3664039165035616e-4
PPT_wt,CE10_chr8_17192744,-5.130017629879456e-4,0.4998717495620657,3.3152808063815207e-4
PPT_wt,CE10_chr8_17194108,-5.882123269020194e-4,0.4998529469225145,3.228269427664657e-4
PPT_wt,CE10_chr8_17195963,-6.786958733376634e-4,0.4998303260381787,3.254542274440657e-4
PPT_wt,CE10_chr8_40341188,-0.0013515883884421018,0.49966210295432845,5.970031601979679e-4
PPT_wt,CE10_chr8_47952724,-0.002072245145265815,0.49948193889907166,6.265084614556747e-4
PPT_sm,CE10_chr1_2508598,-0.0171140185681136,0.4957215997823838,0.003651220612804363
PPT_sm,CE10_chr1_4222049,-0.04491266918833582,0.4887737197284063,0.005233407886523971
PPT_sm,CE10_chr1_4223388,-0.011994788166320762,0.4970013389110164,0.004771022410078917
PPT_sm,CE10_chr1_4354290,-0.018572102040645865,0.49535710794241616,0.003979663600780198
PPT_sm,CE10_chr1_4355200,-0.023827416213222586,0.4940434277622487,0.004402857297384178
PPT_sm,CE10_chr1_4356697,-0.025554201023584834,0.4936117973741643,0.004107380023780515
PPT_sm,CE10_chr1_4357203,-0.022631863885823833,0.49434227551761795,0.0038796441966694717
PPT_sm,CE10_chr1_10353688,-0.006902637552497396,0.4982743474636319,0.0043446359176808015
PPT_sm,CE10_chr1_10358842,-0.014510972927702709,0.49637232042405505,0.003551379051266076
PPT_sm,CE10_chr1_31404700,-0.024272159500382102,0.4939322580166227,0.006520659697031046
PPT_sm,CE10_chr1_37726015,-0.002699174440646267,0.4993252067995246,0.007111955783198759
PPT_sm,CE10_chr1_38801440,-0.02346906501974227,0.49413300303629254,0.004080576759332602
PPT_sm,CE10_chr1_38806089,-0.023194875592832363,0.49420154106479225,0.0048262367964965755
PPT_sm,CE10_chr1_38807405,-0.040321152454843884,0.48992107737140567,0.0047907058373915
PPT_sm,CE10_chr1_38807907,-0.0073641610501253155,0.4981589680575244,0.008611053559864221
PPT_sm,CE10_chr1_38809381,-0.009762706038536632,0.49755934287534165,0.0050384952820994935
PPT_sm,CE10_chr1_38824853,-0.012768193150201826,0.49680799507751583,0.005459495526671225
PPT_sm,CE10_chr1_40056447,-0.04339019274446134,0.48915415339142077,0.005137819206052645
PPT_sm,CE10_chr2_40551025,-0.02904216374890846,0.492739969343356,0.004277647041215212
PPT_sm,CE10_chr2_45378861,-0.016494077445654207,0.49587657412124087,0.00421230114646146
PPT_sm,CE10_chr2_45379725,-0.027075161236743674,0.4932316231570801,0.004535649613781689
PPT_sm,CE10_chr2_45380178,-0.01689727550084442,0.4957757816318139,0.004174004700363088
PPT_sm,CE10_chr2_45380537,-0.008527262430366361,0.4978681973100876,0.004750442666845807
PPT_sm,CE10_chr2_46039257,-0.008856283998372428,0.4977859434717874,0.0035834084740021923
PPT_sm,CE10_chr5_2802731,-0.01374713050571697,0.49656327149717655,0.0038201860116918443
PPT_sm,CE10_chr5_5505967,-0.03094934754062888,0.49226328066417846,0.004415191778918427
PPT_sm,CE10_chr5_41935919,-0.019086492340243594,0.4952285217658761,0.003785944618739184
PPT_sm,CE10_chr5_50013782,-0.012782969742697294,0.49680430108012336,0.0038922586800931285
PPT_sm,CE10_chr6_33868373,-0.01085315330093043,0.4972867383078515,0.0037687936400467447
PPT_sm,CE10_chr6_45245062,-0.031520471147513385,0.492120534582725,0.004538854522823666
PPT_sm,CE10_chr6_52686524,-0.012259251637221994,0.4969352254741539,0.003829128832347215
PPT_sm,CE10_chr6_52687204,-0.0065456685183211925,0.49836358871319153,0.003560969236684125
PPT_sm,CE10_chr6_53094157,-0.04977140917542634,0.4875597156824024,0.02449134712340028
PPT_sm,CE10_chr6_53095936,-0.0024279846321670433,0.4993930041401505,0.004137296047187448
PPT_sm,CE10_chr6_53140155,-0.0391039100614415,0.49022526801097654,0.005216201447239172
PPT_sm,CE10_chr6_53141349,-0.002375447468048185,0.49940613841223896,0.00406075027352486
PPT_sm,CE10_chr6_53299313,-0.03670714987338057,0.4908242428044785,0.004962285446567623
PPT_sm,CE10_chr6_54469590,-0.02503444667418386,0.4937417151792311,0.004124506246166792
PPT_sm,CE10_chr6_54471187,-0.030885942252400274,0.4922791281987649,0.004623385121958245
PPT_sm,CE10_chr6_54473683,-0.031678475910620014,0.49208104325107666,0.004493037221739459
PPT_sm,CE10_chr6_54476989,-0.0383541403582278,0.49041264016417974,0.004759087121463418
PPT_sm,CE10_chr6_54532357,-0.035133177289014855,0.491217609030642,0.007586170017860023
PPT_sm,CE10_chr6_55647280,-0.04815258238283415,0.4879641799068666,0.005433582205077707
PPT_sm,CE10_chr6_55652101,-0.00841087876765228,0.49789729270403676,0.0034496627844028582
PPT_sm,CE10_chr6_55652433,-0.046000808993154466,0.4885018252630005,0.005164721757735448
PPT_sm,CE10_chr6_55652476,-0.04766804304678793,0.48808524525370595,0.005364096340609824
PPT_sm,CE10_chr6_55652579,-0.04318681390698988,0.4892049742887765,0.005048565013654308
PPT_sm,CE10_chr6_55654760,-0.04273233809757444,0.48931854083510334,0.004962636203253976
PPT_sm,CE10_chr6_55655479,-0.03511002161131523,0.49122339616523697,0.00446510486503269
PPT_sm,CE10_chr6_55655983,-0.04129502340754332,0.4896777109716157,0.0049279646848648965
PPT_sm,CE10_chr6_56396749,-0.025276109958566755,0.49368130891480305,0.004038528956308105
PPT_sm,CE10_chr6_56480746,-0.02053779254159004,0.4948657323332369,0.00421112547314384
PPT_sm,CE10_chr6_58212459,-0.05043945119429718,0.48739280995761713,0.00894722230873459
PPT_sm,CE10_chr6_58952579,-0.038579405028033205,0.49035634482430535,0.0048177594245573645
PPT_sm,CE10_chr6_60718601,-0.03932382147145226,0.4901703112883494,0.006510010464122193
PPT_sm,CE10_chr7_2451096,-0.020643056421331994,0.49483941915237684,0.004018966627679276
PPT_sm,CE10_chr7_2537066,-0.031894495321762265,0.4920270520374115,0.0043110379626189405
PPT_sm,CE10_chr7_2543087,-0.030850791091330605,0.4922879138959898,0.004351391462353569
PPT_sm,CE10_chr7_2652671,-0.01602419388749103,0.4959940372469474,0.00361214106351943
PPT_sm,CE10_chr7_2653732,-0.01737372674579011,0.4956566775643495,0.0036417795600630965
PPT_sm,CE10_chr7_2654049,-0.022232095190528982,0.49444220511959525,0.0038981677190937335
PPT_sm,CE10_chr7_2684373,-0.031965020315796386,0.49200942528194735,0.004453859374691207
PPT_sm,CE10_chr7_13694519,-0.05469343929971282,0.48633004766492355,0.008592217168312091
PPT_sm,CE10_chr7_41430616,-0.010927868214821043,0.4972680601332094,0.003542159424901733
PPT_sm,CE10_chr8_1300847,-0.0011306553595004257,0.4997173361902375,0.005726168527997409
PPT_sm,CE10_chr8_4009923,-0.04433250514945736,0.4889186885605462,0.005189840405796754
PPT_sm,CE10_chr8_7690937,-0.02428835491042966,0.49392820976078317,0.004106305308222871
PPT_sm,CE10_chr8_11198066,-0.009232361466501061,0.49769192602769663,0.004118617462678895
PPT_sm,CE10_chr8_11199155,-0.007733625943211098,0.49806660315039386,0.004029540453465147
PPT_sm,CE10_chr8_11203297,-0.006385362021326391,0.4984036649185921,0.004020659531157374
PPT_sm,CE10_chr8_11203347,-0.009356968051563386,0.4976607750542353,0.0042804345547689995
PPT_sm,CE10_chr8_18982060,-0.030045432577503386,0.492489206864074,0.004470004215102448
