S,p1,p2,p3,p4,p5,p6,p7,p8,p9,p10,p11,p12,p1_low,p1_up,p2_low,p2_up,p3_low,p3_up,p4_low,p4_up,p5_low,p5_up,p6_low,p6_up,p7_low,p7_up,p8_low,p8_up,p9_low,p9_up,p10_low,p10_up,p11_low,p11_up,p12_low,p12_up,env
-4.9,0,0,0,0,0,0,0,0,0,0,0,0,1,1,1,1,NA,NA,NA,NA,NA,NA,1,1,1,1,NA,NA,NA,NA,1,1,1,1,NA,NA,A MAT
-4.7,0,0,0,0,0,0,0,0,0,0,0,0,1,1,1,1,1,1,1,1,1,1,NA,NA,1,1,1,1,NA,NA,1,1,1,1,1,1,A MAT
-4.5,0,0,0,0,0,0,0,0,0,0,0,0,1,1,1,1,1,1,1,1,1,1,1,1,NA,NA,1,1,NA,NA,1,1,NA,NA,1,1,A MAT
-4.3,0,0,0,0,0,0,0,0,0,0,0,0,1,1,1,1,1,1,1,1,1,1,1,1,NA,NA,NA,NA,NA,NA,1,1,NA,NA,1,1,A MAT
-4.1,0,0,0,0,0,0,0,0,0,0,0,0,1,1,1,1.6999999999999993,1,1,1,1,1,1,1,1,NA,NA,1,1,1,1,1,1,1,1,1,1,A MAT
-3.9,0,0,0,0,0,0,0,0,0,0,0,0,1,1,1,1,1,1,1,1,1,1,1,1,NA,NA,NA,NA,NA,NA,1,1,NA,NA,1,1,A MAT
-3.7,0,0,0,0,0,0,0,0,0,0,0,0,1,1,1,1,1,1,1,1.8500000000000014,1,1,1,1,NA,NA,1,1,1,1,1,1,NA,NA,1,1,A MAT
-3.5,0,0,0,0,0,0,0,0,0,0,0,0,1,1,1,1.674999999999999,1,1,1,1,1,1,1,1,NA,NA,1,1,NA,NA,1,1,1,1,1,1,A MAT
-3.3,0,0,0,0,0,0,0,0,0,0,0,0,1,1,1,1,1,1,1,1,1,1,1,1,NA,NA,1,1,1,1,1,1,1,1,1,1,A MAT
-3.1,0,0,0,0,0,0,0,0,0,0,0,0,1,1,1,1,1,1.1499999999999986,1,2,1,1,1,1,1,1,1,1,1,1,1,1,NA,NA,1,1,A MAT
-2.9,0,1,0,0,0,0,0,0,0,0,0,0,1,1,1,1,1,1.8250000000000002,1,1,1,1,1,1,1,1,1,1,1,1,1,1.4250000000000007,NA,NA,1,1,A MAT
-2.7,0,0,0,1,0,0,0,0,0,0,0,0,1,1,1,1.5499999999999972,1,1,1,2,1,1,1,1,1,1,1,1,1,1,1,1.75,1,1,1,1.5500000000000007,A MAT
-2.5,0,0,0,0,0,0,0,0,0,0,0,0,1,1.8999999999999915,1,2,1,1,1,2,1,1,1,1,1,1,1,1,1,1,1,1.3249999999999993,1,1,1,1,A MAT
-2.3,0,0,0,0,0,0,0,0,0,0,0,0,1,2,1,2,1,1,1,3,1,1.8999999999999986,1,1,1,1,1,1,1,1,1,1.2249999999999979,1,1,1,2,A MAT
-2.1,0,0,0,0,0,0,0,0,0,0,0,1,1,2,1,2,1,1,1,3,1,2,1,1,1,1,1,1,1,1,1,2,1,1,1,2,A MAT
-1.9,0,0,0,0,0,0,0,0,0,0,0,0,1,2,1,2,1,1,1,3,1,1.1499999999999915,1,1,1,1,1,1,1,1,1,2,1,1,1,1.3499999999999943,A MAT
-1.7,0,0,1,0,0,0,0,0,0,0,0,0,1,2,1,2,1,2,1,3.699999999999932,1,2,1,1,1,2,1,1,1,1,1,1.6999999999999886,1,1,1,2,A MAT
-1.5,1,0,0,0,0,0,0,0,0,0,0,0,1,3,1,2,1,2,1,4,1,2,1,2,1,2,1,2,1,1,1,2,1,1,1,2,A MAT
-1.3,0,1,1,1,1,1,0,5,0,0,0,0,1,3,1,2,1,3,1,4,1,2,1,2,1,2,1,2,1,2,1,2,1,1.3499999999999943,1,2,A MAT
-1.1,1,2,0,0,3,3,0,1,0,3,2,1,1,7,1,4,1,4,1,5,1,3,1,4,1,3,1,2,1,2,1,8,1,3,1,4,A MAT
-0.9,2,4,1,2,4,1,0,4,0,0,0,5,2,9,1,4,1,5,1,5,1,3,1,5,1,3,1,2,1,3,1,3,1,3,1,3,A MAT
-0.7,1,1,2,2,7,0,0,1,4,3,0,4,1,8,1,5,1,6,1,6,1,5,1,9,1,4,1,3,1,4,1,5,1,5,1,5,A MAT
-0.5,5,6,2,5,7,7,4,1,4,8,7,2,2,10,1,7,1,9,1,6,1,7,2,10,1,5,1,4,1,7,1,7,1,9,1,7.774999999999977,A MAT
-0.3,6,3,9,8,5,11,9,3,7,9,3,10,2,11,2,11,2,10,1,7,1,10,2,12,1,6,1,6,2,12,2,12,5,16,2,10,A MAT
-0.1,3,6,6,8,5,11,3,0,9,7,2,6,2,11,2,11,3,13,2,11,3,13,2,10,1,8,1,7,6,18,4,14,8,20,3,11,A MAT
0.1,2,5,10,6,3,9,1,4,14,14,9,5,2,11,2,12,3,14,2,11,5,15,2,10.100000000000023,1,9,2,9,5,15,4,15,5,16,3,12,A MAT
0.3,10,3,17,2,10,9,2,5,4,5,9,1,2,9,2,11,3,12,1,8,5,16,3,13,1,7,1,9,3,12,3,12,4,14,1,9,A MAT
0.5,5,7,14,6,5,4,2,5,9,2,15,0,1,7,1,9,2,11,1,6,3,13,2,11,1,6,1,8,1,8,1,8,1,7,1,7,A MAT
0.7,6,7,5,10,5,2,4,5,7,3,18,2,1,5,1,7,1,7,1,6,1,10,1,9,1,4,1,7,1,6,1,5,1,5,1,4,A MAT
0.9,7,5,0,3,6,0,2,2,1,0,4,0,1,5,1,5,1,6,1,6,1,5,1,6.25,1,3,1,5,1,4,1,4,1,3,1,3,A MAT
1.1,2,0,0,3,2,0,0,0,0,1,4,1,1,6,1,6,1,4,1,6,1,5,1,4,1,2,1,4,1,3,1,8,1,3,1,6,A MAT
1.3,5,0,1,1,0,1,0,0,0,0,0,0,1,3,1,3,1,5,1,6,1,3,1,3,1,2,1,3,1,3,1,2,1,2,1,2,A MAT
1.5,3,1,0,0,1,0,0,1,0,0,0,0,1,2,1,3,1,3,1,4,1,2,1,2,1,2,1,3,1,2,1,2,1,2,1,2,A MAT
1.7,1,1,0,3,0,0,0,0,0,0,0,1,1,2,1,2,1,2,1,4,1,2,1,2,1,2,1,2,1,2,1,2,1,2,1,2,A MAT
1.9,0,1,0,0,0,0,0,0,0,0,0,0,1,2,1,2,1,2,1,4,1,2,1,1,1,1,1,2,1,1.6749999999999972,1,2,1,1,1,2,A MAT
2.1,0,1,1,0,0,0,0,0,0,0,0,0,1,2,1,2,1,2,1,4,1,2,1,1,1,1,1,2,1,2,1,2,1,1,1,2,A MAT
2.3,0,0,0,1,0,0,0,0,0,0,0,1,1,1.4249999999999972,1,2,1,2,1,3,1,2,1,1,1,1,1,1.5750000000000028,1,1,1,1,1,1,1,2,A MAT
2.5,0,1,0,0,0,0,0,0,0,0,0,0,1,2,1,2,1,2,1,3,1,1,1,1,1,1,1,2,1,1,1,1,1,1.5500000000000007,1,2,A MAT
2.7,0,0,0,1,0,0,0,0,0,0,0,0,1,2,1,2,1,2,1,3,1,1,1,1,1,1,1,2,1,1,1,2,1,1.2249999999999979,1,1,A MAT
2.9,0,0,0,1,0,0,0,0,0,1,0,0,1,1,1,1,1,1,1,2.3000000000000114,1,1,1,1,1,1,1,2,1,1,1,1.2749999999999986,1,1,1,1,A MAT
3.1,0,0,0,0,0,0,0,0,0,0,0,0,1,1,1,1.0749999999999957,1,1,1,3,1,1,1,1,1,1,1,2,1,1,1,1,1,1,1,1,A MAT
3.3,0,0,0,0,0,0,0,0,0,0,0,0,1,1,1,2,1,1,1,2,1,1,1,1,NA,NA,1,1,1,1.7249999999999996,1,1,1,1,1,1,A MAT
3.5,0,0,0,0,0,0,0,0,0,0,0,1,1,1.4499999999999993,1,1,1,1,1,2,1,1,1,1,1,1,1,2,1,1,1,1,1,1,1,1,A MAT
3.7,0,0,0,0,0,0,0,0,0,0,0,0,1,1,1,1,1,1,1,2,1,1,1,1,1,1,1,1.25,1,1,1,1,1,1,1,1,A MAT
3.9,0,0,0,0,0,0,0,0,0,0,0,0,1,1,1,1,1,1,1,1,1,1,1,1,NA,NA,1,1,1,1,1,1,1,1,1,1,A MAT
4.1,0,0,0,0,0,0,0,0,0,0,0,0,1,1,1,2,1,1,1,1,1,1,1,1,1,1,1,1,NA,NA,1,1,1,1,1,1,A MAT
4.3,0,0,0,0,0,0,0,0,0,0,0,0,1,1,1,1,1,1,1,2,1,1,1,1,1,1,1,1,NA,NA,1,1,NA,NA,NA,NA,A MAT
4.5,0,0,0,0,0,0,0,0,0,0,0,0,NA,NA,1,1,1,1,1,1,1,1,1,1,1,1,1,1,1,1,1,1,1,1,1,1,A MAT
4.7,0,0,0,0,0,0,0,0,0,0,0,0,NA,NA,1,1,1,1,1,2,1,1,1,1,NA,NA,1,1,NA,NA,1,1,NA,NA,1,1,A MAT
4.9,0,0,0,0,0,0,0,0,0,0,0,0,1,1,1,1,1,1,1,1,1,1,1,1,1,1,1,1,1,1,1,1,1,1,NA,NA,A MAT
-4.9,0,0,0,0,0,0,0,0,0,0,0,0,1,1,1,1,1,1,1,1,1,1,1,1,1,1,1,1,1,1,NA,NA,NA,NA,1,1,B MAP
-4.7,0,0,0,0,0,0,0,0,0,0,0,0,1,1,1,1,1,1,1,1,1,1,1,1,NA,NA,1,1,NA,NA,NA,NA,NA,NA,1,1,B MAP
-4.5,0,0,0,0,0,0,0,0,0,0,0,0,1,1,1,1,1,1,1,1.1499999999999986,1,1.8000000000000007,1,1,1,1,1,1.1749999999999972,NA,NA,1,1,NA,NA,1,1,B MAP
-4.3,0,0,0,0,0,0,0,0,0,0,0,0,1,1,1,1.7000000000000028,1,1,1,1,1,1,1,1,1,1,1,1,NA,NA,1,1,NA,NA,1,1,B MAP
-4.1,0,0,0,0,0,0,0,0,0,0,0,0,1,1,1,2,1,1,1,1,1,1,1,1.3249999999999993,1,1,1,2,1,1,1,1,NA,NA,1,1,B MAP
-3.9,0,0,0,0,0,0,0,0,0,0,0,0,1,1,1,1,1,1,1,1.0249999999999986,1,1,1,1,1,1,1,1.6500000000000004,1,1,1,1,1,1,1,1,B MAP
-3.7,0,0,0,0,0,0,0,0,0,0,0,0,1,1,1,2,1,1,1,1,1,1,1,1,NA,NA,1,2,1,1,1,1,NA,NA,1,1,B MAP
-3.5,0,0,0,0,0,0,0,0,0,0,0,0,1,1,1,1,1,1,1,2,1,1,1,1,1,1,1,2,1,1,1,1,1,1,1,1,B MAP
-3.3,0,0,0,0,0,0,0,1,0,0,0,0,1,2,1,2,1,1,1,2,1,1.3249999999999993,1,1,1,1,1,2,1,1,1,1,1,1,1,1,B MAP
-3.1,0,0,0,0,0,0,0,0,0,0,0,0,1,1,1,1,1,2,1,2,1,1,1,1,1,1,1,2,1,1,1,1,1,1,1,1.6500000000000004,B MAP
-2.9,0,0,0,1,0,0,0,0,0,0,0,0,1,2,1,2,1,1,1,2,1,1,1,2,1,1,1,3,1,1,1,1,1,1,1,1.9249999999999972,B MAP
-2.7,0,0,0,1,0,0,0,3,0,0,0,0,1,2,1,2,1,1.9500000000000028,1,2,1,2,1,1,1,1,1,2,1,1,1,2,1,1,1,1.1000000000000014,B MAP
-2.5,0,0,0,0,0,0,0,0,0,0,0,2,1,2,1,2,1,2,1,2,1,1.2999999999999972,1,1,1,1,1,4,1,1,1,1.125,1,1,1,1.0499999999999972,B MAP
-2.3,0,0,0,0,0,0,0,1,0,0,0,0,1,2,1,2,1,2,1,3,1,1.7749999999999915,1,1,1,1,1,2.3999999999999773,1,1,1,1,1,1,1,1.3499999999999943,B MAP
-2.1,0,1,0,0,1,0,0,0,0,0,0,0,1,2,1,2,1,2,1,3,1,5,1,1.625,1,1,1,5,1,1.375,1,2,1,1,1,1.6499999999999915,B MAP
-1.9,1,0,0,0,0,0,0,3,0,0,0,2,1,3,1,3,1,2,1,4,1,2,1,2,1,2,1,3,1,1.9750000000000014,1,2,1,1,1,2,B MAP
-1.7,0,0,0,1,1,0,0,1,0,0,0,0,1,3,1,3,1,2.125,1,4,1,3,1,2,1,2,1,3,1,1,1,2,1,1,1,2,B MAP
-1.5,0,0,1,2,0,2,1,1,0,0,0,1,1,3,1,3,1,3,1,5,1,3,1,3,1,2,1,7,1,2,1,2,1,2,1,2,B MAP
-1.3,0,0,0,0,2,0,0,4,0,1,0,0,1,4.399999999999977,1,3,1,7,1,6,1,3,1,3.8999999999999773,1,3,1,4,1,2,1,2,1,2,1,2.3999999999999773,B MAP
-1.1,6,2,2,2,6,4,2,2,0,2,0,27,2,11,1,7,1,6,1,7,1,8,1,6,1,3,1,6,1,3,2,10,1,4,1,5,B MAP
-0.9,1,5,5,8,1,4,1,0,0,0,2,0,2,11,1,9,1,8,1,9,1,5,1,8,1,5,3,13,1,4,1,4,1,4,1,5,B MAP
-0.7,5,5,4,3,11,13,1,16,4,6,4,4,2,12,2,11,2,10,1,9,1,9,3,12,1,8,1,9,1,8,1,7,1,9,1,6,B MAP
-0.5,10,11,5,25,10,9,11,9,5,20,1,4,5,17,3,12,4,15,1,9,3,14,5,17,4,15,2,11,4,14,2,11,5,17,2,11,B MAP
-0.3,13,9,10,6,9,30,18,17,7,28,11,6,6,20,8,22,6,19,1,9,7,21,10,24,8,21.024999999999977,4,15,9,23,7,20,15,33,4,15,B MAP
-0.1,18,10,14,7,32,14,40,8,24,19,30,4,7,20,5,17,9,23,6,19,9,23,7,20,11,27,6,18,17,34,13,28,21,41,6,18,B MAP
0.1,12,20,13,8,20,8,21,5,32,15,35,4,6,20,6,18,9,23,8,20.024999999999977,9,25,6,18,13,29,5,17,18,36,16,32,14,30,6,18,B MAP
0.3,12,11,11,5,14,15,4,7,26,15,20,6,5,17,5,17,6,19,2,11,8,20,8,21,9,24,4,15.024999999999977,9,24,11,27,8,23,3,13,B MAP
0.5,19,13,10,8,10,9,4,8,30,6,18,3,3,13,3,13,5,16,1.7250000000000014,10,7,20,5,17.024999999999977,6,18.024999999999977,2,12,5,17,5,17,2,11,1,9,B MAP
0.7,16,15,9,10,6,6,4,5,18,6,13,3,1,9,1,9,2,11,1,9,4,16,4,14,1,10,3,12.024999999999977,2,10.149999999999977,1,10,1,7,1,5.25,B MAP
0.9,5,0,7,7,0,4,2,2,1,6,1,3,1,8,1,7,1,7,1,9,1,7,2,11,1,6,1,10,1,6,1,6,1,4,1,4,B MAP
1.1,2,5,6,1,0,3,2,0,1,2,2,0,1,9,2,12,1,5,1,9,1,5,1,8,1,4,1,6,1,3,2,11,1,4,1,8,B MAP
1.3,2,0,12,4,2,0,2,0,0,0,1,0,1,4,1,3,1,5,1,8,1,4,1,5,1,3,1,5,1,3,1,3,1,2,1,3,B MAP
1.5,0,1,4,0,0,0,1,3,0,1,0,1,1,3,1,4,1,3,1,7,1,3,1,3,1,3,1,4,1,2,1,3,1,2,1,3,B MAP
1.7,0,2,2,4,0,1,0,4,0,0,0,1,1,3,1,4,1,3,1,7,1,3,1,3,1,2.8000000000000114,1,3,1,2,1,3,1,1.5750000000000028,1,2,B MAP
1.9,1,0,0,3,0,0,0,2,0,0,0,0,1,2,1,3,1,2,1,7.600000000000023,1,2,1,2,1,2,1,4,1,2,1,2.6999999999999886,1,2,1,2,B MAP
2.1,0,0,0,5,0,0,0,3,0,0,1,1,1,2,1,2,1,2,1,5,1,2,1,2,1,2,1,4,1,1,1,3,1,1,1,2,B MAP
2.3,0,0,0,5,0,0,0,3,0,0,0,0,1,2,1,2,1,2,1,8,1,2,1,2,1,1,1,2,1,1,1,2,1,1.5499999999999972,1,1,B MAP
2.5,0,0,0,0,0,0,0,1,0,0,0,0,1,2,1,3,1,2,1,4,1,1.9249999999999972,1,1.4750000000000014,1,1,1,3,1,1.1499999999999986,1,1.5249999999999915,1,1,1,2,B MAP
2.7,0,0,0,1,0,0,0,1,0,0,0,0,1,2,1,2,1,2,1,4,1,1,1,2,1,1,1,2,1,1,1,2,1,1.1749999999999972,1,1,B MAP
2.9,0,0,1,0,0,1,0,1,0,0,0,0,1,1,1,2,1,1,1,2.1750000000000114,1,1.8500000000000014,1,1.2249999999999979,1,1,1,3,1,1,1,1.5499999999999972,1,1.6000000000000014,1,1,B MAP
3.1,1,0,0,0,0,0,0,0,0,0,0,0,1,1,1,2,1,1.2749999999999986,1,7,1,1,1,1,1,1,1,2,1,1,1,1,1,1,1,1,B MAP
3.3,0,0,0,0,0,0,0,3,0,0,0,0,1,1,1,2,1,1,1,2,1,1,1,1,1,1,1,2,1,1,1,1,1,1,1,1,B MAP
3.5,0,0,0,0,0,0,0,0,0,0,0,0,1,2,1,1,1,1,1,2,1,1,1,1.7750000000000004,1,1,1,2,1,1,1,1,1,1,1,1,B MAP
3.7,0,0,0,0,0,0,0,2,0,0,0,0,1,1,1,1,1,1,1,3,1,1,1,1,1,1,1,2,1,1,1,1,1,1,1,1,B MAP
3.9,0,0,0,0,0,0,0,0,0,0,0,0,1,1,1,1.674999999999999,1,1,1,2,1,1,1,1,1,1,1,1,1,1,1,1,1,1,1,1,B MAP
4.1,0,0,0,0,0,0,0,0,0,0,0,0,1,1,1,1,1,1,1,2,1,1,1,1,1,1,1,2,1,1,1,1,1,1,1,1,B MAP
4.3,0,0,0,1,0,0,0,0,0,0,0,0,1,1,1,1,1,1,1,2,1,1,1,1,1,1,1,1,1,1,1,1,1,1,1,1,B MAP
4.5,0,0,0,0,0,0,0,0,0,0,0,0,NA,NA,1,1,1,1,1,1,1,1,1,1,1,1,1,2,1,1,1,1,1,1,1,1,B MAP
4.7,0,0,0,0,0,0,0,0,0,0,0,0,1,1,1,1,1,1,1,1,1,1,1,1,NA,NA,1,1.3999999999999986,NA,NA,1,1,NA,NA,1,1,B MAP
4.9,0,0,0,0,0,0,0,0,0,0,0,0,1,1,1,1,1,1,1,1,1,1,1,1,1,1,1,1,1,1,1,1,1,1,NA,NA,B MAP
-4.9,0,0,0,0,0,0,0,0,0,0,0,0,NA,NA,1,1,1,1,1,1,1,1,1,1.125,NA,NA,1,1,1,1,1,1,NA,NA,1,1,C PAS
-4.7,0,0,0,0,0,0,0,0,0,0,0,0,1,1,1,1,NA,NA,1,1,1,1,1,1,NA,NA,NA,NA,NA,NA,1,1,NA,NA,1,1,C PAS
-4.5,0,0,0,0,0,0,0,0,0,0,0,0,1,1,1,1,1,1,1,1,1,1,1,1,NA,NA,1,1.5749999999999993,NA,NA,1,1,NA,NA,1,1,C PAS
-4.3,0,0,0,0,0,0,0,0,0,0,0,0,1,1,1,1,1,1.375,1,1,1,1,1,1,NA,NA,1,1,1,1,1,1,1,1,1,1,C PAS
-4.1,0,0,0,0,0,0,0,2,0,0,0,0,1,1,1,1.5,1,1,1,1,1,1,1,1.25,NA,NA,1,2,1,1,1,1,1,1,1,1,C PAS
-3.9,0,1,0,0,0,0,0,0,0,0,0,0,1,1,1,1,1,1,1,1.4749999999999979,1,1,1,1,1,1,1,1,1,1,1,1,1,1,1,1,C PAS
-3.7,0,0,0,0,0,0,0,0,0,0,0,0,1,1,1,2,1,1,1,1,1,1,1,1.8250000000000002,NA,NA,1,2,1,1,1,1,1,1,1,1,C PAS
-3.5,0,0,0,0,0,0,0,0,0,0,0,0,1,1,1,1,1,1.1749999999999972,1,1.7999999999999972,1,1.3999999999999986,1,1,NA,NA,1,1,1,1.7750000000000004,1,1,1,1,1,1.3999999999999986,C PAS
-3.3,0,1,0,0,0,0,0,0,0,0,0,0,1,1.9750000000000014,1,2,1,1.0749999999999957,1,1,1,1,1,1,NA,NA,1,2,1,1,1,1,1,1,1,2,C PAS
-3.1,0,0,0,0,0,0,0,0,0,0,0,0,1,1,1,1,1,1.5750000000000028,1,2,1,1,1,1,NA,NA,1,1,1,1,1,1,1,1,1,1.5500000000000007,C PAS
-2.9,0,0,0,0,0,0,0,1,0,0,0,0,1,2,1,1,1,1.0749999999999957,1,1.2749999999999915,1,1,1,2,1,1,1,2,1,1,1,1.0499999999999972,1,1,1,1,C PAS
-2.7,0,0,0,0,0,0,0,1,0,0,0,0,1,1.7249999999999943,1,1.7249999999999943,1,2,1,2,1,2,1,1,1,1,1,2,1,1,1,2,1,1,1,1,C PAS
-2.5,0,0,0,0,0,0,0,0,0,0,0,0,1,2,1,2,1,2,1,2,1,1.7250000000000014,1,2,1,1,1,3,1,2,1,1,1,1,1,2,C PAS
-2.3,0,0,0,0,0,0,0,0,0,0,0,0,1,2,1,2,1,2,1,3,1,2,1,2,1,1.3999999999999986,1,2,1,1,1,1,1,1,1,2,C PAS
-2.1,1,0,0,0,0,0,1,1,0,0,0,1,1,2,1,2,1,2,1,3,1,3,1,2,1,1.6999999999999957,1,3,1,1,1,3,1,2,1,2,C PAS
-1.9,0,0,0,0,0,0,0,0,0,0,0,0,1,3,1,2,1,2,1,4,1,2,1,2,1,2,1,2,1,2,1,2,1,1,1,2.049999999999983,C PAS
-1.7,0,0,2,2,0,0,0,0,0,0,0,0,1,3,1,2,1,2,1,4,1,2,1,2,1,3,1,2,1,2,1,2,1,1,1,2,C PAS
-1.5,0,0,0,1,0,3,0,1,0,0,0,0,1,3,1,2,1,3,1,5,1,2,1,2.8000000000000114,1,3,1,4,1,2,1,2,1,1.625,1,2,C PAS
-1.3,2,1,1,2,0,7,0,0,0,0,0,1,1,5,1,2,1,6,1,6,1,2.1499999999999773,1,3,1,3,1,3,1,3,1,2,1,2,1,3,C PAS
-1.1,1,0,1,4,3,6,1,1,0,3,0,5,2,11,1,4,1,5,1,7,1,4,1,6,1,3,1,4,1,3,3,13,1,5,1,6,C PAS
-0.9,5,1,0,10,1,6,2,1,0,5,0,12,3,13,1,6,1,7,1,8,1,4,1,8,1,5,1,7,1,4,1,5,1,4,1,4,C PAS
-0.7,5,2,3,6,6,7,0,10,1,19,3,3,2,11,1,8,1,9,1,9,1,6,2,11,1,7,1,7,1,6,1,7,1,7,1,7,C PAS
-0.5,14,5,11,8,5,3,15,6,3,21,5,3,4,15,1,10,3,14,1,8,2,10.024999999999977,3,13,2,12,2,10,2,11,2,12,3,13,3,12,C PAS
-0.3,13,6,10,8,13,7,17,11,14,16,8,11,5,17,6,17,5,17,1,8,5,17,7,20,4,15,3,13,6,18,7,20,11,25,5,17,C PAS
-0.1,14,13,12,12,16,8,10,13,33,14,29,13,5,17,6,18,7,20,5,16,8,22,4,15,6,18,5,16,11,25,9,24,14.975000000000001,30.024999999999977,8,21,C PAS
0.1,13,8,16,10,17,11,4,7,25,10,19,17,5,16.024999999999977,8,21,7,20.024999999999977,6,16,10.975000000000001,25,4.975000000000001,16,7,20,5,16,17,32,9,22,12,28,9,24,C PAS
0.3,8,14,12,6,20,20,7,10,8,6,9,8,3,14,6,19,5,17,2,11,9,23,7,21,5,17,4,15,6,18,5.975000000000001,18,8,22.024999999999977,5,17,C PAS
0.5,8,19,15,9,17,7,11,9,9,3,18,13,2,10,4,14,4,15,1,10,6,19,4,16,3,14,2.9250000000000007,12,3,12,2,12,2,11,2,12,C PAS
0.7,10,25,10,8,12,7,14,6,8,2,20,9,1,8,2,11,1,10,1,9,3,12,3,14,1,7,2,10,1,9,1,7,1,7,1,7,C PAS
0.9,4,8,2,2,2,8,3,2,1,1,4,2,1,7,1,7,1,7,1,9,1,7,1,10,1,5,1,7,1,4,1,4.9249999999999545,1,4,1,5,C PAS
1.1,1,2,0,4,0,4,0,0,0,1,2,1,1,8,1,9,1,5,1,9,1,5,1,6,1,3,1,5,1,3,3,13,1,3,1,8,C PAS
1.3,0,0,7,3,1,0,1,0,0,0,2,1,1,3.574999999999932,1,4,1,5,1,7,1,4,1,4,1,3,1,4,1,3,1,2,1,2,1,3,C PAS
1.5,1,0,3,4,1,0,0,1,0,0,0,0,1,3,1,4,1,4,1,7,1,3,1,3,1,3,1,4,1,2,1,3,1,2,1,3,C PAS
1.7,0,0,2,4,1,0,0,1,0,0,0,0,1,2,1,3,1,3,1,6,1,2.6499999999999773,1,3,1,2,1,2.0500000000000114,1,2,1,2,1,1.4249999999999972,1,2,C PAS
1.9,1,4,2,1,0,0,1,0,0,0,0,0,1,2,1,3,1,2,1,7,1,1.9499999999999886,1,2,1,2,1,2.2749999999999773,1,1.75,1,2,1,1.0750000000000028,1,2,C PAS
2.1,0,2,1,2,0,0,0,0,0,0,0,0,1,3,1,2,1,2,1,5,1,2,1,1,1,2,1,2,1,1.4249999999999972,1,2,1,1,1,2,C PAS
2.3,0,0,0,0,0,0,0,0,0,0,0,0,1,2,1,2,1,2,1,7,1,2,1,2,1,1.7999999999999972,1,2,1,1,1,2,1,2,1,2,C PAS
2.5,0,0,0,0,0,0,0,0,0,0,0,0,1,2,1,2,1,2,1,4,1,2,1,1,1,1,1,2,1,1.4250000000000007,1,2,1,1,1,2,C PAS
2.7,0,0,0,0,0,0,0,0,0,0,0,0,1,2,1,2,1,2,1,4,1,1,1,2,1,1,1,2,1,1,1,2,1,1,1,2,C PAS
2.9,0,0,0,0,0,0,0,2,0,0,0,0,1,1,1,2,1,1.6000000000000014,1,3,1,1,1,1,1,1,1,2,1,1.4749999999999979,1,1.8500000000000014,1,1,1,1,C PAS
3.1,0,0,0,0,0,0,0,0,0,0,0,0,1,2,1,2,1,1,1,7,1,1,1,1,1,1,1,2,1,1,1,1,1,1,1,1.375,C PAS
3.3,0,0,0,0,0,0,0,0,0,0,0,0,1,1,1,2,1,1,1,2,1,1.6999999999999993,1,1.8499999999999996,1,1,1,1.7999999999999972,1,1,1,1,1,1,1,1.5249999999999986,C PAS
3.5,0,0,0,0,0,0,0,0,0,0,0,0,1,1.0749999999999957,1,1,1,1,1,2,1,1,1,1,1,1,1,1,1,1,1,1,1,1,1,1.5,C PAS
3.7,0,0,0,1,0,0,0,0,0,0,0,0,1,1,1,1,1,1,1,3,1,1,1,1,1,1,1,2,1,1,1,1,1,1,1,1,C PAS
3.9,0,0,0,0,0,0,0,0,0,0,0,0,1,1,1,1,1,1,1,1,1,1,1,1,1,1,1,1,1,1,1,1,NA,NA,1,1,C PAS
4.1,0,0,0,0,0,0,0,0,0,0,0,0,1,1,1,2,1,1,1,2,1,1,1,1.674999999999999,1,1,1,1,1,1,1,1,1,1,1,1,C PAS
4.3,0,0,0,0,0,0,0,1,0,0,0,0,1,1,1,2,1,1,1,2,1,1,1,1,1,1,1,1,NA,NA,1,1,NA,NA,1,1,C PAS
4.5,0,0,0,0,0,0,0,0,0,0,0,0,NA,NA,1,1.5749999999999993,1,1,1,1,1,1,1,1,1,1,1,1,1,1,1,1,1,1,1,1,C PAS
4.7,0,0,0,0,0,0,0,0,0,0,0,0,1,1,1,1,1,1,1,1.2749999999999915,1,1,1,1,1,1,1,1,NA,NA,1,1,NA,NA,1,1,C PAS
4.9,0,0,0,0,0,0,0,0,0,0,0,0,1,1,1,1,1,1,1,1,1,1,1,1.5749999999999993,1,1,1,1,NA,NA,1,1,1,1,NA,NA,C PAS
-4.9,0,0,0,0,0,0,0,0,0,0,0,0,1,1,1,1,1,1,1,1,NA,NA,1,1,1,1,1,1,NA,NA,NA,NA,NA,NA,NA,NA,D EXT
-4.7,0,0,0,0,0,0,0,0,0,0,0,0,1,1,NA,NA,1,1,NA,NA,1,1,1,1,NA,NA,1,1,NA,NA,1,1,NA,NA,1,1,D EXT
-4.5,0,0,0,0,0,0,0,0,0,0,0,0,1,1,1,1,1,1,1,1,1,1,1,1,NA,NA,1,1.625,NA,NA,1,1,1,1,1,1,D EXT
-4.3,0,0,0,0,0,0,0,0,0,0,0,0,1,1,1,1,1,2,1,1,1,1,1,1,NA,NA,1,1,1,1,1,1,1,1,NA,NA,D EXT
-4.1,0,0,0,0,0,0,0,0,0,0,0,0,1,1,1,1,1,1,1,1,1,1,1,1,1,1,1,1.6500000000000004,NA,NA,1,1,1,1,1,1,D EXT
-3.9,0,0,0,0,0,0,0,0,0,0,0,0,1,1,1,1,1,1,1,1,1,1,1,1,NA,NA,1,1,NA,NA,1,1,1,1,NA,NA,D EXT
-3.7,0,0,0,0,0,0,0,0,0,0,0,0,1,1,1,1,1,1,1,1,1,1,1,1,NA,NA,1,2,1,1,1,1,1,1,1,1,D EXT
-3.5,0,0,0,0,0,0,0,0,0,0,0,0,1,1,1,1,1,1,1,1,1,1.25,1,1,1,1,1,1,NA,NA,1,1,1,1,1,1,D EXT
-3.3,0,1,0,0,0,0,0,0,0,0,0,0,1,1.3000000000000007,1,1,1,1,1,1,1,1,1,1,1,1,1,2,1,1,1,1,1,1,1,1,D EXT
-3.1,0,0,0,0,0,0,0,0,0,0,0,0,1,1,1,1.3499999999999979,1,2,1,2,1,1,1,1,1,1,1,1.2749999999999915,1,1,1,1,1,1.7750000000000004,1,1,D EXT
-2.9,0,0,0,0,0,0,0,0,0,0,0,0,1,1,1,1,1,1,1,2,1,1,1,1.0750000000000028,1,1,1,2,NA,NA,1,1.875,1,1,1,1,D EXT
-2.7,0,0,0,0,0,0,0,0,0,0,1,0,1,2,1,2,1,1,1,2,1,2,1,1.2749999999999986,1,1,1,2,1,1,1,2,1,1,1,1,D EXT
-2.5,0,0,0,1,0,0,0,0,0,0,0,0,1,2,1,1,1,1,1,2,1,1.0249999999999986,1,2,1,1,1,2,1,1,1,1,1,1,1,1,D EXT
-2.3,0,0,0,0,0,0,0,0,0,0,0,0,1,2,1,1.5499999999999972,1,2,1,3,1,1.375,1,2,1,1,1,2,1,1,1,1.3999999999999986,1,1,1,1,D EXT
-2.1,0,0,0,0,0,0,0,0,0,0,0,0,1,2,1,2,1,2,1,3,1,3,1,2,1,1,1,3,1,1,1,4,1,2,1,1.75,D EXT
-1.9,2,0,0,0,0,1,0,0,0,0,0,0,1,2.9499999999999886,1,2,1,2,1,4,1,2,1,2,1,1,1,2,1,1,1,2,1,1,1,2,D EXT
-1.7,3,0,0,0,0,0,0,0,0,0,0,0,1,2.2749999999999773,1,2,1,2,1,4,1,2,1,2,1,2,1,2,1,1.2000000000000028,1,2,1,1,1,2,D EXT
-1.5,12,0,0,0,0,0,0,0,0,0,1,0,1,3,1,2.5250000000000057,1,2,1,5,1,2,1,3,1,2,1,3,1,1.4249999999999972,1,2,1,1,1,2,D EXT
-1.3,0,0,2,0,0,0,1,4,2,0,4,1,1,4,1,2,1,4,1,5,1,2,1,3,1,3,1,2,1,2,1,2,1,2,1,2,D EXT
-1.1,9,1,0,1,1,1,0,1,0,1,2,1,1,9,1,4,1,4,1,6,1,5,1,5,1,3,1,4,1,2,3,13,1,6,1,4,D EXT
-0.9,2,0,0,6,2,3,0,3,3,0,2,5,3,13,1,4,1,6,1,6.074999999999932,1,4,1,7,1,4,1,6,1,3,1,5,1,3,1,3,D EXT
-0.7,2,0,1,1,1,0,10,2,7,4,11,3,1,10,1,5,1,8,1,7,1,6,2,10,1,6,1,5,1,6,1,7,1,6,1,4,D EXT
-0.5,9,11,5,3,9,4,7,14,17,16,19,2,3,12,1,6,2,10,1,7,1.8500000000000014,10,3,13,1,9,1,8,2,11,2,11,3,12,1,6,D EXT
-0.3,8,4,16,5,12,16,15,16,14,23,8,4,3,13,1.9000000000000021,10,2,12,1,8,3,13,6,18,2,11,2,11,5,17,5,18,9.975000000000001,24,1,8,D EXT
-0.1,6,1,19,13,7,8,4,4,13,21,7,7,3,13,1,10,4,15,2,11,5,17,3,14,4,14,3,13.024999999999977,12,27,7,20,12,27,2,10,D EXT
0.1,2,0,11,14,6,10,2,5,9,6,8,3,3,13,2,11,4,16,1,9,7,20,3,13,4,14,4,15,9,23,7,20,9,24,2,10,D EXT
0.3,5,3,10,5,10,17,4,5,4,9,7,4,2,11,2,10,3,14,1,8,6,19,5,16,3,13,4,14,5.975000000000001,18,4,15,5,16,1,8,D EXT
0.5,6,9,9,7,15,11,4,5,8,6,8,5,1,8,1,8,3,12,1,7,5,16.024999999999977,3,14,2,11,2,11,2,12,1,10,1,8,1,6,D EXT
0.7,4,8,4,6,18,15,6,7,9,2,11,4,1,6,1,6,1,8,1,7,2,13,2,12,1,6,2,11,1,9,1,6,1,6,1,4,D EXT
0.9,2,7,0,4,6,2,2,1,2,0,2,1,1,5,1,4,1,6,1,8,1,6,1,9,1,4,1,7,1,5,1,4,1,3,1,3,D EXT
1.1,2,3,0,3,6,1,2,0,0,1,0,0,1,6,1,5,1,4,1,8,1,5,1,5,1,3,1,5,1,3,2,12,1,2.9499999999999886,1,5,D EXT
1.3,2,0,2,2,1,1,0,0,2,0,0,0,1,3,1,3,1,6,1,6,1,3,1,3,1,3,1,3,1,4,1,2,1,2,1,2,D EXT
1.5,0,0,0,1,1,0,0,1,0,0,0,0,1,2,1,2,1,3,1,5,1,2,1,3,1,2,1,2,1,2,1,2,1,2,1,2,D EXT
1.7,0,1,0,2,0,0,0,0,0,0,0,0,1,2,1,2,1,2,1,5,1,2,1,2,1,2,1,2,1,2,1,2,1,1,1,2,D EXT
1.9,0,1,0,1,0,0,0,0,0,0,0,0,1,2,1,2,1,2,1,6,1,2,1,1,1,2,1,2,1,2,1,2,1,1,1,2,D EXT
2.1,0,1,0,0,0,0,0,0,1,0,0,0,1,2,1,2,1,2,1,5,1,2,1,1,1,1,1,2,1,2,1,2,1,1,1,2,D EXT
2.3,1,0,0,0,0,0,0,0,0,0,0,0,1,2,1,2,1,1,1,4,1,2,1,1,1,1.0499999999999972,1,1,1,1,1,1.3499999999999943,1,1,1,1,D EXT
2.5,0,2,0,0,1,0,0,0,0,0,0,0,1,2,1,2,1,1,1,4,1,1,1,1,1,1,1,1,1,2,1,2,1,1,1,1.0249999999999915,D EXT
2.7,0,0,0,1,0,0,0,0,0,0,0,0,1,2,1,1.1749999999999972,1,1.4750000000000014,1,3,1,2,1,1,1,1,1,1,1,1,1,1,1,1,1,1,D EXT
2.9,0,0,0,0,0,0,0,0,0,0,0,0,1,1,1,1,1,2,1,2.3000000000000114,1,1,1,1,1,1,1,1,1,1,1,1,1,1,1,1,D EXT
3.1,0,0,0,1,0,0,0,0,0,0,0,0,1,2,1,1,1,1.2749999999999986,1,3,1,1.2749999999999986,1,1,1,1,1,2,1,1,1,1,1,1,1,1,D EXT
3.3,0,0,0,0,0,0,0,0,0,0,0,0,1,1,1,2,1,1.3249999999999993,1,2,1,1,NA,NA,1,1,1,1,1,1,1,1,1,1,1,1,D EXT
3.5,0,0,0,0,0,0,0,0,0,0,0,0,1,2,1,1,1,1,1,2,1,1,1,1,1,1,1,1,1,1,1,1,1,1,1,1,D EXT
3.7,0,0,0,0,0,0,0,0,0,0,0,0,1,1,1,1,1,1,1,2,1,1,NA,NA,1,1,1,1,1,1,1,1,1,1,1,1,D EXT
3.9,0,0,0,0,0,0,0,0,0,0,0,0,1,1,1,1,1,1,1,1.4499999999999957,1,1,1,1,1,1,1,1,1,1,1,1,NA,NA,1,1,D EXT
4.1,0,0,0,0,0,0,0,0,0,0,0,0,1,1,1,2,1,1,1,2,1,1,1,1,1,1,1,1,1,1,1,1,1,1,1,1,D EXT
4.3,0,0,0,0,0,0,0,0,0,0,0,0,1,1,1,1,1,1,1,2,1,1,NA,NA,1,1,1,1,1,1,1,1,NA,NA,1,1,D EXT
4.5,0,0,0,0,0,0,0,0,0,0,0,0,NA,NA,1,1,1,1,1,1,1,1,1,1,1,1,1,1,1,1,1,1,1,1,1,1,D EXT
4.7,0,0,0,0,0,0,0,0,0,0,0,0,NA,NA,1,1,1,1,1,1,1,1,NA,NA,NA,NA,1,1,1,1,NA,NA,NA,NA,1,1,D EXT
4.9,0,0,0,0,0,0,0,0,0,0,0,0,NA,NA,1,1.5500000000000007,1,1,1,1,NA,NA,1,1,1,1,1,1,NA,NA,NA,NA,NA,NA,NA,NA,D EXT
-4.9,0,0,0,0,0,0,0,0,0,0,0,0,1,1,1,1,1,1,1,1,1,1,1,1,NA,NA,1,1,NA,NA,NA,NA,1,1,1,1,E CMD
-4.7,0,0,0,0,0,0,0,0,0,0,0,0,1,1,NA,NA,NA,NA,1,1,1,1,1,1,NA,NA,1,1,1,1,1,1,NA,NA,1,1,E CMD
-4.5,0,0,0,0,0,0,0,0,0,0,0,0,1,1,1,1,1,1,1,1,NA,NA,1,1,NA,NA,1,1,1,1,NA,NA,NA,NA,1,1,E CMD
-4.3,0,0,0,0,0,0,0,0,0,0,0,0,1,1,1,1,1,2,1,1,NA,NA,1,1,NA,NA,1,1,1,1,1,1,NA,NA,1,1,E CMD
-4.1,0,0,0,0,0,0,0,0,0,0,0,0,1,1,1,1.674999999999999,1,1,1,1.0249999999999986,1,1,1,1.25,NA,NA,1,1,1,1,1,1,1,1,1,1,E CMD
-3.9,0,0,0,0,0,0,0,0,0,0,0,0,1,1,1,1,1,1,1,1,1,1,1,1,NA,NA,1,1,1,1,1,1,1,1,1,1,E CMD
-3.7,0,0,0,0,0,0,0,0,0,0,0,0,1,1,1,1,1,1,1,1.1749999999999972,1,1,1,1,1,1,1,2,1,1,1,1,1,1,1,1,E CMD
-3.5,0,0,0,0,0,0,0,0,0,0,0,0,1,1,1,2,1,1.3249999999999993,1,1,1,1.2249999999999979,1,1,1,1,1,1,1,1,1,1.75,1,1,1,1,E CMD
-3.3,0,0,1,0,0,0,0,0,0,0,0,0,1,1,1,1,1,2,1,1.7749999999999986,1,1,1,1,1,1,1,2,1,1,1,1,1,1,1,1,E CMD
-3.1,0,0,0,1,0,0,0,0,0,0,0,0,1,1,1,1,1,2,1,2,1,1,1,1,1,1,1,2,1,1,1,1,1,1,1,1.7750000000000004,E CMD
-2.9,0,0,0,0,0,0,0,0,0,0,0,0,1,1,1,1,1,1.3999999999999986,1,2,1,1,1,1.5,1,1,1,2,1,1,1,1,1,1,1,1,E CMD
-2.7,0,0,0,0,0,0,0,0,0,0,0,0,1,1,1,2,1,1.1499999999999986,1,2,1,2,1,1.5,1,1,1,2,1,1.375,1,1,1,1,1,1,E CMD
-2.5,0,1,0,0,0,0,0,0,0,0,0,0,1,2,1,1.3499999999999943,1,2,1,2,1,1,1,1,1,1,1,3,1,1,1,1,1,1,1,1,E CMD
-2.3,0,0,0,0,0,0,0,0,0,0,0,0,1,2,1,1,1,2,1,2,1,1.8999999999999986,1,2,1,1,1,2,1,1,1,1,1,1,1,2,E CMD
-2.1,0,0,0,0,1,1,0,0,0,0,0,0,1,2,1,2,1,2,1,2.75,1,3,1,1.625,1,1,1,3,1,1,1,2,1,1.5500000000000007,1,1,E CMD
-1.9,0,0,0,0,0,1,0,0,0,0,0,0,1,2,1,2,1,2,1,3,1,2,1,2,1,1,1,3,1,2,1,2,1,1,1,2,E CMD
-1.7,1,1,0,1,0,0,0,1,0,0,0,0,1,2,1,2,1,2.25,1,4,1,2,1,2,1,2,1,2,1,2,1,2,1,1,1,2,E CMD
-1.5,0,0,0,0,0,0,0,2,0,0,0,0,1,3,1,2,1,2,1,4,1,2,1,2,1,2,1,4,1,1.9749999999999943,1,2,1,1.75,1,2,E CMD
-1.3,0,1,1,4,1,2,0,6,0,0,0,1,1,4,1,2,1,5,1,4,1,2,1,3,1,3,1,3,1,3,1,2,1,2,1,2,E CMD
-1.1,4,1,1,0,3,4,0,2,1,4,0,5,1,7,1,3,1,4,1,5,1,5,1,5,1,3,1,4,1,3,1,7,1,3,1,4,E CMD
-0.9,2,0,1,1,3,5,0,2,3,0,0,3,2,9,1,4,1,5,1,6,1,3,1,6,1,4,1,7,1,3,1,4,1,3.3500000000000227,1,4,E CMD
-0.7,2,3,2,5,10,2,5,3,2,5,4,3,1,8,1,5,1,7,1,6,1,6,1,9,1,5.0499999999999545,1,5,1,6,1,5,1,6,1,5,E CMD
-0.5,5,3,1,9,8,6,6,6,7,9,0,1,2,11,1,7,2,10,1,6,1,9,2,10,1,9,1,7,1,9.149999999999977,1,9,2,11,1,7,E CMD
-0.3,6,6,4,5,4,11,9,6,11,12,6,9,2,12,2,12,2,11.049999999999955,1,6,3,13,4,15,2,12,1,9,4,14,5,15,8,21,2,10,E CMD
-0.1,6,8,12,5,11,5,7,3,16,17,14,6,2,11,2,12,4,14,4,15,5,16,3,12,3,14,2,11,8,21.024999999999977,8,20,11,25,3,12,E CMD
0.1,4,7,11,5,16,9,15,2,12,16,16,2,2,11,3,12,4,15,5,16,6,18,3,12,4,15,2,11,13,27,8.975000000000001,21,7,20,3,13,E CMD
0.3,9,4,15,1,12,15,5,5,11,4,16,6,1,10,3,12,3,13.024999999999977,1,7.975000000000023,5,16,4,15,3,13,2,10,4,15.024999999999977,5,17,5,16,1,9,E CMD
0.5,7,9,14,6,6,11,1,5,13,4,18,4,1,7,1,9,2,12,1,6,4,15,3,13,2,10,1,8,1,10,2,10,1,7,1,7,E CMD
0.7,6,8,8,12,3,6,1,7,9,5,14,4,1,5,1,7,1,8,1,6,2,11,2,11,1,6,1,7,1,7,1,6,1,5,1,4,E CMD
0.9,6,3,4,1,2,1,2,1,1,0,2,0,1,5,1,5,1,6,1,6,1,5,1,8,1,4,1,6,1,4,1,4,1,3,1,3,E CMD
1.1,2,1,1,4,0,1,0,0,0,1,2,0,1,6,1,6,1,4,1,6,1,4,1,5,1,3,1,4,1,3,1,7,1,3,1,5,E CMD
1.3,4,1,2,1,0,1,0,0,1,0,0,1,1,3,1,3,1,5,1,5,1,3.0249999999999773,1,3,1,2,1,3,1,3,1,2,1,2,1,2,E CMD
1.5,0,1,1,2,0,0,0,0,0,0,0,0,1,2,1,3,1,3,1,5,1,2,1,3,1,2,1,3,1,2,1,2,1,2,1,2,E CMD
1.7,0,0,1,3,0,0,0,2,0,0,0,0,1,2,1,2.9250000000000114,1,2,1,5,1,3,1,2,1,2,1,2,1,1.8499999999999943,1,2,1,2,1,2,E CMD
1.9,0,1,0,0,0,0,0,0,0,0,0,0,1,2,1,2,1,2,1,4,1,2,1,2,1,2,1,2,1,2,1,2,1,1.375,1,2,E CMD
2.1,0,1,0,1,0,0,0,1,0,0,0,0,1,2,1,2,1,2,1,3,1,2,1,1,1,1.6749999999999972,1,2,1,1,1,2,1,1.1000000000000014,1,2,E CMD
2.3,0,0,1,1,0,0,0,0,0,0,0,0,1,1.2999999999999972,1,2,1,1,1,4,1,2,1,1,1,1,1,2,1,1.8500000000000014,1,1,1,1,1,1,E CMD
2.5,0,2,0,1,0,0,0,0,0,0,0,0,1,2,1,2,1,2,1,3,1,1,1,1,1,1.25,1,2,1,1.3999999999999986,1,2,1,1,1,2,E CMD
2.7,0,0,0,1,0,0,0,0,0,0,0,0,1,2,1,2,1,1.4499999999999957,1,3,1,1,1,1,1,1,1,2,1,1,1,2,1,1,1,1.25,E CMD
2.9,0,0,0,0,0,0,0,0,0,0,0,0,1,1,1,1.625,1,1,1,2.25,1,1.1000000000000014,1,1,1,1,1,2,1,1,1,1,1,1,1,1,E CMD
3.1,0,0,0,1,0,0,0,0,0,0,0,0,1,1,1,1.3249999999999993,1,1,1,4,1,1.2249999999999979,1,1,1,1.8000000000000007,1,2,1,1,1,1,1,1,1,1,E CMD
3.3,0,0,0,0,0,0,0,0,0,0,0,0,1,1,1,2,1,1,1,2,1,1,1,1,1,1,1,2,1,1,1,1,1,1,1,1,E CMD
3.5,0,0,0,0,0,0,0,0,0,0,0,0,1,2,1,1,1,1,1,2,1,1,1,1,1,1,1,1,1,1,1,1,1,1,1,1,E CMD
3.7,0,0,0,0,0,0,0,0,0,0,0,0,1,1,1,1,1,1.5500000000000007,1,2,1,1,1,1,1,1,1,2,1,1,1,1,1,1,1,1,E CMD
3.9,0,0,0,0,0,0,0,0,0,0,0,0,1,1,1,1,1,1,1,2,1,1,1,1,1,1,1,1,1,1,1,1.4749999999999979,1,1,1,1,E CMD
4.1,0,0,0,0,0,0,0,1,0,0,0,0,1,1,1,1,1,1,1,1,1,1,1,1,1,1,1,1,1,1,1,1,1,1,1,1,E CMD
4.3,0,0,0,0,0,0,0,0,0,2,0,0,1,1,1,1,1,1,1,2,1,1,1,1,NA,NA,1,1,NA,NA,1,1,1,1,1,1,E CMD
4.5,0,0,0,1,0,0,0,0,0,0,0,0,NA,NA,1,1,1,1,1,1,1,1,NA,NA,1,1,1,1,1,1,1,1,1,1,1,1,E CMD
4.7,0,0,0,0,0,0,0,0,0,0,0,0,NA,NA,NA,NA,1,1,1,1.1499999999999986,1,1,NA,NA,1,1,1,1,NA,NA,1,1,NA,NA,NA,NA,E CMD
4.9,0,0,0,0,0,0,0,0,0,0,0,0,1,1,1,1,1,1,1,1,NA,NA,1,1,1,1,1,1,1,1,1,1,1,1,NA,NA,E CMD
-4.9,0,0,0,0,0,0,0,0,0,0,0,0,1,1,1,1,1,1,NA,NA,NA,NA,1,1,NA,NA,1,1,NA,NA,1,1,NA,NA,NA,NA,F Tave_wt
-4.7,0,0,0,0,0,0,0,0,0,0,0,0,1,1,1,1,NA,NA,1,1,NA,NA,1,1,NA,NA,NA,NA,NA,NA,1,1,1,1,1,1,F Tave_wt
-4.5,0,0,0,0,0,0,0,0,0,0,0,0,1,1,1,1,1,1,1,1,1,1,1,1,NA,NA,NA,NA,NA,NA,1,1,NA,NA,1,1,F Tave_wt
-4.3,0,0,0,0,0,0,0,0,0,0,0,0,1,1,1,1,1,1,1,1,1,1,1,1,NA,NA,NA,NA,NA,NA,1,1,NA,NA,1,1,F Tave_wt
-4.1,0,0,0,0,0,0,0,0,0,0,0,0,1,1,1,1,1,1,1,1,1,1.8000000000000007,1,1,NA,NA,1,1,NA,NA,1,1,1,1,1,1,F Tave_wt
-3.9,0,0,0,0,0,0,0,0,0,0,0,0,1,1,1,1,1,1,1,1,1,1,1,1,NA,NA,1,1,NA,NA,1,1,NA,NA,1,1,F Tave_wt
-3.7,0,0,0,0,0,0,0,0,0,0,0,0,1,1,1,1,1,1,1,1,NA,NA,1,1,NA,NA,1,1,1,1,1,1,1,1,1,1,F Tave_wt
-3.5,0,0,0,0,0,0,0,0,0,0,0,0,1,1,1,1,1,1,1,1,1,1,1,1,NA,NA,1,1,1,1,1,1,1,1,1,1,F Tave_wt
-3.3,0,0,0,0,0,0,0,0,0,0,0,0,1,1,1,1,1,1,1,1,NA,NA,1,1,NA,NA,1,1,1,1,1,1,1,1,1,1.674999999999999,F Tave_wt
-3.1,0,0,0,0,0,0,0,0,0,0,0,0,1,1,1,1,1,1.4749999999999979,1,2,1,1,1,1,1,1,1,1,1,1,1,1,1,1,1,1,F Tave_wt
-2.9,0,0,0,0,0,0,0,0,0,0,0,0,1,1,1,1,1,1,1,1,1,1,1,1,1,1,1,1,1,1,1,1,1,1,1,1,F Tave_wt
-2.7,0,0,0,0,0,0,0,0,0,0,0,0,1,1,1,1,1,1,1,2,1,1,1,1,NA,NA,1,1.9249999999999972,1,1,1,1,1,1,1,1,F Tave_wt
-2.5,0,0,0,0,0,0,0,0,0,0,0,0,1,1.75,1,2,1,1,1,2,1,1,1,1.375,1,1,1,2,1,1,1,1,1,1,1,1,F Tave_wt
-2.3,0,0,0,0,0,0,0,0,0,0,0,0,1,2,1,1,1,1.3000000000000007,1,2,1,1.125,1,1,1,1,1,1,1,1,1,1,1,1,1,1,F Tave_wt
-2.1,0,0,0,0,1,0,0,0,0,0,0,0,1,2,1,2,1,2,1,2,1,2,1,1,1,1,1,2,1,1,1,2,1,1,1,1,F Tave_wt
-1.9,0,0,0,0,0,0,0,0,0,0,0,0,1,2,1,1,1,1.9749999999999943,1,3,1,1.6499999999999986,1,2,1,1,1,1,1,1,1,2,1,1,1,2,F Tave_wt
-1.7,1,0,1,0,0,0,0,0,0,0,0,0,1,2,1,2,1,2,1,3,1,2,1,1,1,1.1749999999999972,1,2,1,1,1,2,1,1,1,1,F Tave_wt
-1.5,1,0,0,1,0,0,0,0,0,0,0,1,1,2,1,2,1,2,1,3.5499999999999545,1,1,1,2,1,2,1,2,1,2,1,2,1,1,1,1,F Tave_wt
-1.3,1,0,3,0,0,1,0,5,0,0,0,0,1,3,1,2,1,3,1,4,1,2,1,2,1,2,1,2,1,2,1,2,1,1,1,2,F Tave_wt
-1.1,0,3,0,0,1,1,0,0,0,1,0,3,1,6,1,3,1,3,1,4,1,3,1,3,1,2,1,2,1,2,1,6,1,3,1,3,F Tave_wt
-0.9,3,1,0,1,1,1,0,5,0,0,0,3,1,6,1,4,1,4,1,4,1,2,1,5,1,2.799999999999983,1,3,1,2,1,3,1,3,1,3,F Tave_wt
-0.7,1,1,1,0,3,3,2,2,0,1,0,4,1,6,1,4,1,5,1,5,1,4,1,7,1,3,1,3,1,4,1,4,1,4,1,4,F Tave_wt
-0.5,5,3,1,5,4,2,2,2,1,10,1,0,1,8,1,5,1,7,1,5,1,5,1,8,1,4,1,5,1,6,1,6,1,7,1,6,F Tave_wt
-0.3,4,1,8,4,5,9,4,1,1,4,3,9,1,9,1,8,1,8,1,5,1,8,2,10,1,5,1,6,1,8,1,9,2,11,1,8,F Tave_wt
-0.1,2,3,5,7,11,6,3,0,11,7,5,6,1,8,1,8,2,10,2,9,2,11,1,8,1,6,1,7,3,13,2,11.049999999999955,4,13.024999999999977,2,9,F Tave_wt
0.1,2,6,8,5,5,4,2,2,7,13,8,2,1,8,1,9,2,11,2,9,3,13,1,9,1,6,1,8,3,12,3,13,2,12,2,9,F Tave_wt
0.3,1,4,8,1,8,11,3,4,5,1,5,0,1,7,1,9,2,9,1,6,3,13,2,11,1,6,1,8,1,8,2,10,2,11,1,7,F Tave_wt
0.5,2,6,12,3,6,4,2,3,10,2,8,0,1,6,1,7,1,9,1,5,2,10,1,9,1,4,1,6,1,6,1,7,1,5,1,5,F Tave_wt
0.7,4,6,5,7,3,4,1,4,7,3,11,0,1,4,1,6,1,6,1,5,1,8,1,7,1,3,1,6,1,4.975000000000023,1,4,1,4,1,4,F Tave_wt
0.9,5,4,0,1,1,0,0,3,0,0,2,0,1,4,1,4,1,5,1,5,1,4,1,5,1,2.7749999999999773,1,4,1,3,1,3,1,3,1,3,F Tave_wt
1.1,3,2,0,0,1,0,0,0,0,2,3,0,1,5,1,5,1,4,1,5,1,3,1,4,1,2,1,3,1,2,1,6,1,3,1,4,F Tave_wt
1.3,3,0,0,1,0,1,0,0,1,0,0,0,1,2,1,3,1,5,1,4,1,3,1,2,1,2,1,2,1,2,1,2,1,2,1,2,F Tave_wt
1.5,0,0,1,0,0,0,0,0,0,0,0,0,1,2,1,2.3249999999999886,1,2.8000000000000114,1,4,1,2,1,3,1,2,1,2,1,2,1,2,1,1.9249999999999972,1,2,F Tave_wt
1.7,1,0,0,0,0,0,0,0,0,0,1,0,1,2,1,2,1,2,1,4,1,2,1,2,1,1.4499999999999957,1,2,1,1,1,2,1,1,1,2,F Tave_wt
1.9,0,1,0,2,0,0,0,0,0,0,0,0,1,2,1,2,1,2,1,3,1,2,1,1.7000000000000028,1,1,1,1,1,2,1,2,1,1.6499999999999986,1,1.75,F Tave_wt
2.1,0,1,1,0,0,0,0,0,0,0,0,0,1,2,1,2,1,2,1,3,1,2,1,1,1,1,1,1,1,1.7250000000000014,1,2,1,1,1,2,F Tave_wt
2.3,0,0,0,1,0,0,0,0,0,0,0,0,1,1,1,2,1,2,1,3,1,1,1,2,1,1,1,1,1,2,1,1,1,1,1,1.7749999999999986,F Tave_wt
2.5,0,0,0,2,0,0,0,0,0,0,0,0,1,1.1000000000000014,1,2,1,2,1,2.75,1,2,1,1,1,1,1,1,1,1.6999999999999993,1,1,1,1,1,2,F Tave_wt
2.7,0,0,0,1,0,0,0,0,0,0,0,0,1,1.625,1,2,1,1,1,3,1,2,1,1,1,1,1,1,1,1,1,1.8249999999999957,1,1,1,1,F Tave_wt
2.9,0,0,0,1,0,0,0,0,0,0,0,0,1,1,1,1,1,1,1,2,1,1,1,1,1,1,1,1,1,1,1,1,1,1,1,1,F Tave_wt
3.1,0,0,0,1,0,0,0,0,0,0,0,0,1,1,1,1,1,1,1,2,1,1,1,1,1,1,1,1,1,1,1,1,1,1,1,1,F Tave_wt
3.3,0,0,0,0,0,0,0,0,0,0,0,0,1,1,1,2,1,1,1,2,1,1,1,1,NA,NA,1,1,1,1,1,1,1,1,1,1,F Tave_wt
3.5,0,0,0,0,0,0,0,0,0,0,0,1,1,1,1,1,1,1,1,2,1,1.5749999999999993,1,1,1,1,1,1,1,1,1,1,1,1,1,1,F Tave_wt
3.7,0,0,0,0,0,0,0,0,0,0,0,0,1,1,1,1,1,1,1,2,1,1,1,1,1,1,1,1,1,1,NA,NA,1,1,1,1,F Tave_wt
3.9,0,0,0,0,0,0,0,0,0,0,0,0,1,1,1,1.6999999999999993,1,1,1,2,1,1,1,1,NA,NA,1,1,NA,NA,1,1,NA,NA,1,1,F Tave_wt
4.1,0,0,0,0,0,0,0,0,0,0,0,0,1,1,1,1.5,1,1,1,1,1,1,1,1,1,1,1,1,NA,NA,1,1,1,1,1,1,F Tave_wt
4.3,0,0,0,0,0,0,0,0,0,0,0,0,NA,NA,1,1,1,1,1,1.625,1,1,1,1,NA,NA,NA,NA,NA,NA,1,1,1,1,1,1,F Tave_wt
4.5,0,0,0,0,0,0,0,0,0,0,0,0,NA,NA,1,1,1,1,1,1.0749999999999957,1,1,1,1,NA,NA,1,1,NA,NA,NA,NA,1,1,NA,NA,F Tave_wt
4.7,0,0,0,0,0,0,0,0,0,0,0,0,NA,NA,1,1,1,1,1,1,1,1,NA,NA,1,1,1,1,1,1,1,1,NA,NA,1,1,F Tave_wt
4.9,0,0,0,0,0,0,0,0,0,0,0,0,1,1,1,1.6999999999999993,1,1,1,1,NA,NA,1,1,1,1,1,1,1,1,1,1,NA,NA,NA,NA,F Tave_wt
-4.9,0,0,0,0,0,0,0,0,0,0,0,0,1,1,1,1,1,1,1,1,NA,NA,1,1,1,1,NA,NA,NA,NA,1,1,NA,NA,NA,NA,G Tave_sm
-4.7,0,0,0,0,0,0,0,0,0,0,0,0,1,1,1,1,1,1,1,1,1,1,1,1,NA,NA,NA,NA,NA,NA,1,1,NA,NA,1,1,G Tave_sm
-4.5,0,0,0,0,0,0,0,0,0,0,0,0,1,1,1,1,1,1,1,1,NA,NA,1,1,1,1,1,1,NA,NA,NA,NA,NA,NA,1,1,G Tave_sm
-4.3,0,0,0,0,0,0,0,0,0,0,0,0,1,1,1,2,1,1,1,1,NA,NA,1,1,NA,NA,NA,NA,NA,NA,1,1,1,1,NA,NA,G Tave_sm
-4.1,0,0,0,0,0,0,0,0,0,0,0,0,1,1,1,1,1,1,1,1,1,1,1,1,1,1,1,1,1,1,1,1,1,1,1,1,G Tave_sm
-3.9,0,0,0,0,0,0,0,0,0,0,0,0,1,1,1,1,NA,NA,1,1,NA,NA,1,1,NA,NA,1,1,NA,NA,1,1,1,1,1,1,G Tave_sm
-3.7,0,0,0,0,0,0,0,0,0,0,0,0,1,1,1,1,1,1,1,1,1,1,1,1,NA,NA,1,1,1,1,1,1,NA,NA,1,1,G Tave_sm
-3.5,0,0,0,0,0,0,0,0,0,0,0,0,1,1,1,1,1,1,1,1,1,1,1,1,NA,NA,1,1,1,1,1,1,1,1,1,1,G Tave_sm
-3.3,0,0,0,0,0,0,0,0,0,0,0,0,1,1,1,1,1,1,1,1.2749999999999986,1,1,1,1,NA,NA,1,1,1,1,1,1,1,1,1,1,G Tave_sm
-3.1,0,0,0,1,0,0,0,0,0,0,0,0,1,1,1,1,1,1,1,2,1,1,1,1,1,1,1,1,1,1,1,1,1,1,1,1,G Tave_sm
-2.9,0,0,0,0,0,0,0,0,0,0,0,0,1,1.9499999999999957,1,2,1,1,1,1.0499999999999972,1,1,1,1,1,1,1,1,1,1,1,1,1,1,1,1,G Tave_sm
-2.7,0,0,0,1,0,0,0,0,0,0,0,0,1,2,1,1.4750000000000014,1,1,1,2,1,1,1,1,NA,NA,1,1,1,1,1,1,1,1,1,1.5,G Tave_sm
-2.5,0,0,0,1,0,0,0,0,0,0,0,0,1,2,1,1,1,1,1,2,1,1,1,1,1,1,1,1,1,1,1,1,1,1,1,1,G Tave_sm
-2.3,0,0,0,0,0,0,0,0,0,0,0,0,1,2,1,2,1,1,1,3,1,1,1,1,1,1,1,1,1,1,1,1.75,1,1,1,1.2000000000000028,G Tave_sm
-2.1,0,0,0,0,0,0,0,0,0,0,0,0,1,2,1,2,1,2,1,3,1,2,1,1,1,1,1,1,1,1,1,2,1,1,1,2,G Tave_sm
-1.9,0,0,0,0,0,1,0,0,0,0,0,0,1,2,1,2,1,2,1,4,1,2,1,2,1,2,1,1,1,1,1,2,1,1,1,2,G Tave_sm
-1.7,3,0,1,0,0,0,1,0,0,0,0,0,1,2,1,2,1,2,1,4,1,2,1,2,1,2,1,1,1,1.5249999999999986,1,2,1,1,1,1,G Tave_sm
-1.5,7,0,1,0,0,0,0,0,0,0,0,0,1,3,1,2,1,2,1,5,1,2,1,2,1,2,1,2,1,1.3499999999999943,1,2,1,1,1,2,G Tave_sm
-1.3,0,0,1,1,1,1,0,6,1,0,0,2,1,4,1,2,1,3,1,5,1,2,1,3,1,2,1,2,1,2,1,2,1,2,1,2,G Tave_sm
-1.1,1,2,1,0,2,1,0,0,0,2,1,1,1,7,1,3,1,4,1,6,1,4,1,4,1,3,1,2,1,2,1,8,1,3,1,4,G Tave_sm
-0.9,4,0,2,6,3,2,1,4,2,0,0,5,3,13,1,4,1,5,1,7,1,3,1,6,1,3,1,3,1,3,1,3,1,3,1,3,G Tave_sm
-0.7,1,0,2,2,8,0,3,1,5,3,7,4,1,9,1,6,1,7,1,7,1,6,1,10,1,4,1,3,1,5,1,5,1,6,1,5,G Tave_sm
-0.5,6,11,4,4,8,7,5,4,12,14,16,2,3,12,1,7,2,10,1,7,1,7.4249999999999545,3,12,1,6,1,5,1,9,1,9,2,12,1,8,G Tave_sm
-0.3,7,3,11,9,2,16,13,9,12,18,6,10,2,12,2,10,2,11,1,8,2,10,4,15,1,8,1,7,4,14,4,14,8,20.024999999999977,2,10,G Tave_sm
-0.1,4,3,17,15,8,11,5,2,11,15,4,10,3,12,2,11,4,15,3,14,4,15,3,13,2,10,2,9,11,25,7,18,11,25,2,11,G Tave_sm
0.1,3,6,8,11,4,11,1,4,12,12,9,2,2,12,2,12,4.975000000000001,16,3,12,6,18,2,12,2,11,3,12,6,19,6,19,7,20,2,11,G Tave_sm
0.3,7,3,14,4,6,12,1,8,4,4,14,0,2,10,2,11,3,14,1,8,6,18,3,13,2,10,2,11,4,14,4,15,4,15,1,8,G Tave_sm
0.5,4,6,16,5,10,5,2,5,8,2,13,1,1,7,1,8,3,13,1,8,4,15,3,13,1,8,1,10,2,10,1,10,1,7,1,6,G Tave_sm
0.7,6,6,6,7,14,4,4,3,8,1,12,3,1,5,1,7,1,9,1,7,2,11,2,11,1,5,1,8,1,7,1,6,1,5,1,4,G Tave_sm
0.9,5,6,0,3,7,1,2,1,1,0,3,0,1,5,1,5,1,6,1,8,1,6,1,8,1,3,1,7,1,6,1,4,1,3,1,3.074999999999932,G Tave_sm
1.1,2,1,0,3,4,1,0,0,0,0,0,0,1,5,1,6,1,5,1,7,1,5,1,5,1,2.849999999999966,1,4.350000000000023,1,3,1,8,1,3,1,6,G Tave_sm
1.3,5,0,0,3,2,0,0,0,1,0,0,0,1,2,1,3,1,6,1,6,1,3.375,1,3,1,2,1,3,1,4,1,2,1,2,1,2,G Tave_sm
1.5,3,2,0,0,1,0,0,1,0,0,0,0,1,2,1,3,1,3,1,5,1,3,1,3,1,2,1,3,1,2,1,2,1,2,1,2,G Tave_sm
1.7,1,2,0,1,0,0,0,0,0,0,0,0,1,2,1,2,1,2,1,5,1,2.875,1,2,1,1.8499999999999943,1,2,1,2,1,2,1,2,1,2,G Tave_sm
1.9,0,2,0,0,0,0,0,0,0,0,0,0,1,2,1,2.7749999999999773,1,2,1,5,1,2,1,1.0499999999999972,1,1,1,2,1,2,1,2,1,1,1,2,G Tave_sm
2.1,0,1,1,0,0,0,0,0,0,1,0,0,1,2,1,2,1,2,1,5,1,2,1,1,1,1,1,2,1,2,1,2,1,1,1,2,G Tave_sm
2.3,0,0,0,1,0,0,0,0,0,0,0,1,1,1,1,2,1,2,1,4,1,2,1,1,1,1.875,1,1.0499999999999972,1,2,1,2,1,1,1,1,G Tave_sm
2.5,0,1,0,0,0,0,0,0,0,0,0,0,1,2,1,2,1,1,1,4,1,2,1,1,1,1,1,2,1,1,1,1,1,1,1,2,G Tave_sm
2.7,0,0,0,1,0,0,0,0,0,0,0,0,1,2,1,1,1,1,1,3,1,2,1,1,1,1.7750000000000004,1,1.625,1,1,1,2,1,1,1,1,G Tave_sm
2.9,0,0,0,0,0,0,0,0,0,0,0,0,1,1,1,1.4499999999999957,1,1,1,3,1,1,1,1,1,1,1,1,1,1,1,1,1,1,1,1,G Tave_sm
3.1,0,0,0,1,0,0,0,0,0,0,0,0,1,2,1,1,1,1,1,3,1,1.9750000000000014,NA,NA,1,1,1,2,1,1,1,1,1,1,1,1,G Tave_sm
3.3,0,0,0,0,0,0,0,0,0,0,0,0,1,1,1,2,1,1,1,2,1,1,1,1,1,1,1,1,1,1,1,1,1,1,1,1.5500000000000007,G Tave_sm
3.5,0,0,0,0,0,0,0,0,0,0,0,0,1,1.4749999999999979,1,1.4250000000000007,1,1,1,2,1,1,1,1,1,1,1,1,1,1.75,1,1,1,1,1,1,G Tave_sm
3.7,0,0,0,0,0,0,0,0,0,0,0,0,1,1,1,1,1,1,1,2,1,1,1,1,1,1,1,1,1,1,1,1,1,1,1,1,G Tave_sm
3.9,0,0,0,0,0,0,0,0,0,0,0,0,1,1,1,1,1,1,1,2,1,1,1,1,1,1,1,1,1,1,1,1,1,1,1,1,G Tave_sm
4.1,0,0,0,0,0,0,0,0,0,0,0,0,1.025,1.975,1,2,1,1,1,2,1,1,1,1,1,1,1,1.1749999999999972,1,1,1,1,1,1,1,1,G Tave_sm
4.3,0,0,0,0,0,0,0,0,0,0,0,0,1,1,1,1,1,1,1,2,1,1,NA,NA,1,1,1,1,NA,NA,1,1,1,1,NA,NA,G Tave_sm
4.5,0,0,0,0,0,0,0,0,0,0,0,0,NA,NA,1,1,1,1,1,1.8249999999999957,1,1,1,1,1,1,1,1,1,1,NA,NA,1,1,1,1,G Tave_sm
4.7,0,0,0,0,0,0,0,0,0,0,0,0,1,1,1,1,1,1,1,1.6499999999999986,1,1,NA,NA,NA,NA,1,1,1,1,1,1,1,1,1,1,G Tave_sm
4.9,0,0,0,0,0,0,0,0,0,0,0,0,NA,NA,1,1,1,1,1,1,1,1,1,1,1,1,1,1,1,1,NA,NA,NA,NA,NA,NA,G Tave_sm
-4.9,0,0,0,0,0,0,0,0,0,0,0,0,1,1,1,1,1,1,1,1,1,1,1,1,1,1,1,1.4749999999999979,NA,NA,NA,NA,NA,NA,1,1,H PPT_wt
-4.7,0,0,0,0,0,0,0,0,0,0,0,0,1,1,1,1,1,1,1,1,1,1,1,1,NA,NA,1,1,NA,NA,NA,NA,NA,NA,1,1,H PPT_wt
-4.5,0,0,0,0,0,0,0,0,0,0,0,0,1,1,1,1,1,1,1,1.125,1,1,1,1,NA,NA,1,1,1,1,1,1,NA,NA,1,1,H PPT_wt
-4.3,0,0,0,0,0,0,0,0,0,0,0,0,1,1,1,2,1,2,1,1,1,1,1,1,1,1,1,1,1,1,NA,NA,NA,NA,1,1,H PPT_wt
-4.1,0,0,0,0,0,0,0,0,0,0,0,0,1,1,1,2,1,1,1,1,1,1.6500000000000004,1,1,1,1,1,2,1,1,1,1,NA,NA,1,1,H PPT_wt
-3.9,0,0,0,0,0,0,0,0,0,0,0,0,1,1,1,1,1,1,1,1,1,1,1,1,NA,NA,1,1.6500000000000004,NA,NA,1,1,1,1,1,1,H PPT_wt
-3.7,0,0,0,0,0,0,0,1,0,0,0,0,1,1,1,2,1,1,1,2,1,1,1,1,1,1,1,2,1,1,1,1,1,1,1,1,H PPT_wt
-3.5,0,0,0,0,0,0,0,0,0,0,0,0,1,1,1,2,1,1.1000000000000014,1,2,1,2,1,1,1,1,1,2,1,1,1,1,NA,NA,1,1,H PPT_wt
-3.3,0,0,0,0,0,0,0,1,0,0,0,0,1,1,1,2,1,1,1,1.25,1,1.5,1,1,1,1,1,2,1,1,1,1,1,1,1,1,H PPT_wt
-3.1,0,0,0,0,0,0,0,0,0,0,0,0,1,1.0249999999999986,1,1,1,2,1,2,1,1,1,1,1,1,1,2,1,1,1,1,1,1,1,1,H PPT_wt
-2.9,0,0,0,0,0,0,0,1,0,0,0,0,1,1.4499999999999957,1,2,1,1,1,2,1,1,1,1.5249999999999986,1,1,1,3,1,1.5749999999999993,1,1.2249999999999979,1,1,1,2,H PPT_wt
-2.7,0,0,0,1,0,0,0,2,0,0,0,0,1,1,1,2,1,1,1,2,1,2,1,1,1,1.6999999999999993,1,2,1,1,1,1.8500000000000014,1,1,1,1,H PPT_wt
-2.5,0,0,0,0,0,0,0,0,0,0,0,0,1,2,1,2,1,2,1,2,1,2,1,1,1,1,1,4,1,1,1,1,1,1,1,1,H PPT_wt
-2.3,0,0,0,0,0,0,0,1,0,0,0,0,1,2,1,2,1,2,1,3,1,1.7000000000000028,1,1,1,1,1,3,1,1.2000000000000028,1,2,1,1,1,1.9749999999999943,H PPT_wt
-2.1,0,1,0,0,1,0,0,0,0,0,0,0,1,2,1,2,1,2,1,3,1,4,1,1,1,2,1,5,1,1,1,2,1,1,1,1,H PPT_wt
-1.9,1,0,0,0,0,0,0,3,0,0,0,1,1,3,1,2.5500000000000114,1,2,1,4,1,2,1,2,1,2,1,4,1,1.4749999999999943,1,2,1,1,1,2,H PPT_wt
-1.7,0,0,0,0,1,0,0,1,0,0,0,0,1,3,1,2,1,2,1,5,1,3,1,2,1,3,1,4,1,1,1,2,1,1.2000000000000028,1,2,H PPT_wt
-1.5,0,0,1,1,0,1,1,1,0,0,0,0,1,3,1,3,1,3,1,5,1,2,1,3,1,3,1,7,1,2,1,2,1,2,1,2,H PPT_wt
-1.3,0,0,1,0,1,1,2,3,0,1,0,0,1,4,1,4,1,7,1,6,1,3,1,3,1,3,1,5,1,3,1,3,1,2,1,3,H PPT_wt
-1.1,8,1,1,2,6,4,4,3,0,2,0,24,2,10.074999999999932,1,6,1,6,1,8,1,8,1,5,1,4,1,6,1,3,1,10,1,4,1,6,H PPT_wt
-0.9,2,5,6,7,2,2,4,0,0,1,2,0,2,11,1,8.225000000000023,1,8,1,9,1,6,1,9,1,6,3.9750000000000014,14,1,4,1,4,1,4,1,5,H PPT_wt
-0.7,6,3,3,4,16,12,4,18,3,6,5,4,3,12.049999999999955,2,11,2,10.024999999999977,1,10,1,9,3,14,1,9,1,9,1,8,1,7,1,9,1,7,H PPT_wt
-0.5,14,10,4,22,8,10,12,10,5,15,3,5,5,17,2,12,5,16,1.8500000000000014,10,4,15,5,18,5,17,3,12.074999999999932,4,14,2,12,5,17,2.9750000000000014,12,H PPT_wt
-0.3,11,10,11,5,9,31,14,20,12,29,14,5,7,20,8,22,7,20,1,10,8,22,10,25,9,23,5,17,8,23,7,21,16,32,4,15,H PPT_wt
-0.1,15,4,16,14,26,14,36,7,22,21,27,7,7,21,4,16,10,24.024999999999977,7,19.024999999999977,10,24,7,21,12,27.024999999999977,6.975000000000001,19,17,34.02499999999998,14,30,23,42,6,18.024999999999977,H PPT_wt
0.1,13,20,17,11,20,10,19,5,35,14,32,7,7,21,5,17.024999999999977,9,24,9,22,11,27,7,19,13,30,5,17.024999999999977,22,40,16,33.02499999999998,16,33,6,19,H PPT_wt
0.3,16,14,12,3,14,23,10,8,24,18,15,4,5,18,5,17,7,20,2,12,9,23,8,21,10,25,4,15,9,24,12,28,9,23,3,13,H PPT_wt
0.5,15,20,12,7,16,16,6,6,27,14,21,5,3,13,3,13,5,17,1.875,10.125,7,21,6,18,6,19,2,11,5,16,5,18,2,12,1,9,H PPT_wt
0.7,10,20,12,13,15,8,8,4,21,12,25,5,1,10,2,9,2,11,2,9,5,16,4,15,2,10,2,12,2,10,2,11,1,7,1,5,H PPT_wt
0.9,4,1,5,10,0,2,1,2,1,5,1,3,1,9,1,7,1,8,2,10,1,7,2,12,1,6,1,8,1,6,1,7,1,4,1,4,H PPT_wt
1.1,3,6,6,3,1,2,0,0,0,2,2,0,1,8,2,12,1,6,1,10,1,5,1,8,1,4,1,5,1,3.2749999999999773,2,11,1,4,1,8,H PPT_wt
1.3,2,0,10,4,2,0,2,0,0,0,1,0,1,4,1,3,1,6,1,9,1,4,1,5,1,3,1,4,1,3,1,3,1,3,1,3,H PPT_wt
1.5,4,0,5,0,0,0,1,3,0,1,0,2,1,3,1,4,1,4,1,7.774999999999977,1,3,1,3,1,3,1,4,1,2,1,3,1,2,1,3,H PPT_wt
1.7,0,2,4,3,0,1,0,1,0,0,0,0,1,3,1,4,1,3,1,7,1,3,1,3,1,3,1,3,1,2,1,3,1,1.8250000000000028,1,3,H PPT_wt
1.9,1,0,0,3,0,0,0,2,0,1,0,0,1,2,1,3,1,2,1,8,1,2,1,2,1,2,1,3,1,2,1,3,1,2,1,2,H PPT_wt
2.1,0,0,0,6,0,0,0,2,0,0,1,1,1,3,1,2,1,2,1,6,1,2,1,2,1,1,1,3,1,1.8499999999999943,1,4,1,1.8249999999999957,1,2,H PPT_wt
2.3,0,0,0,3,0,0,0,2,1,0,0,0,1,2,1,2,1,2,1,8,1,2,1,1.1499999999999915,1,2,1,2,1,1,1,2,1,1.8999999999999986,1,2,H PPT_wt
2.5,0,0,0,0,0,0,0,2,0,0,0,2,1,2,1,2.1999999999999886,1,2,1,4,1,2,1,1.7250000000000014,1,1,1,3,1,1,1,1,1,1.5500000000000007,1,2,H PPT_wt
2.7,0,0,0,1,0,0,0,0,0,0,0,0,1,2,1,2,1,2,1,5,1,1,1,2,1,1.3999999999999986,1,2,1,1,1,2,1,1.3000000000000007,1,1,H PPT_wt
2.9,0,0,0,0,0,0,0,0,0,0,0,0,1,1,1,2,1,1,1,3,1,1.25,1,1.1499999999999986,1,1,1,2,1,1,1,2,1,1,1,2,H PPT_wt
3.1,0,0,0,1,0,0,0,0,0,0,0,0,1,1,1,1.1749999999999972,1,1.2000000000000028,1,8,1,1,1,1,1,1,1,2,1,1,1,1,1,1,1,1,H PPT_wt
3.3,0,0,0,0,0,0,0,1,0,0,0,0,1,1.3999999999999986,1,2,1,1,1,2,1,1,1,1,1,1,1,2,1,1,1,1,1,1,1,1,H PPT_wt
3.5,0,0,0,0,0,0,0,0,0,0,0,0,1,2,1,1,1,1,1,2,1,1,1,1,1,1,1,2,1,1,1,1,1,1,1,1,H PPT_wt
3.7,0,0,0,1,0,0,0,1,0,0,0,0,1,1,1,1,1,1,1,3,1,1,1,1,1,1,1,2,1,1,1,1,1,1,1,1,H PPT_wt
3.9,0,0,0,0,0,0,0,0,0,0,0,0,1,1,1,1,1,1,1,2,1,1,1,1,1,1,1,1,1,1,1,1,1,1,1,1,H PPT_wt
4.1,0,0,0,0,0,0,0,0,0,0,0,0,1,1,1,2,1,1,1,2,1,1.8499999999999996,1,1,1,1,1,2,1,1,1,1,1,1,1,1,H PPT_wt
4.3,0,0,0,1,0,0,0,0,0,0,0,0,1,1,1,1,1,1,1,2,1,1,1,1,1,1,1,1,NA,NA,1,1,1,1,1,1,H PPT_wt
4.5,0,0,0,0,0,0,0,0,0,0,0,0,NA,NA,1,1,1,1,1,1.1499999999999986,1,1,1,1,NA,NA,1,1,1,1.8499999999999996,1,1,1,1,1,1,H PPT_wt
4.7,0,0,0,0,0,0,0,0,0,0,0,0,1,1,1,1,1,1,1,1,1,1,1,1,NA,NA,1,1,1,1,1,1,NA,NA,1,1,H PPT_wt
4.9,0,0,0,0,0,0,0,0,0,0,0,0,1,1,1,1,1,1,1,1,1,1,1,1,NA,NA,1,2,1,1,1,1,1,1,NA,NA,H PPT_wt
-4.9,0,0,0,0,0,0,0,0,0,0,0,0,1,1,1,1,1,1,1,1,NA,NA,1,1.2749999999999915,NA,NA,1,1,1,1,1,1,NA,NA,NA,NA,I PPT_sm
-4.7,0,0,0,0,0,1,0,0,0,0,0,0,1,1,1,1,1,1,1,1,1,1,1,1,NA,NA,1,1,NA,NA,1,1,1,1,1,1,I PPT_sm
-4.5,0,0,0,0,0,0,0,0,0,0,0,0,1,1,1,1,1,1.9000000000000004,1,1,1,1,1,1,NA,NA,1,1,1,1,NA,NA,NA,NA,1,1,I PPT_sm
-4.3,0,0,0,0,0,0,0,0,0,0,0,0,1,1,1,1,1,1,1,2,1,1,1,1,1,1,NA,NA,1,1,1,1,NA,NA,1,1,I PPT_sm
-4.1,0,0,0,0,0,0,0,0,0,0,0,0,1,1,1,1,1,1,1,1,1,1,1,1,1,1,1,1,1,1,1,1,NA,NA,1,1,I PPT_sm
-3.9,0,0,0,0,0,0,0,0,0,0,0,0,1,1,1,1,1,1,1,1,1,1,1,1,NA,NA,NA,NA,1,1,1,1,NA,NA,NA,NA,I PPT_sm
-3.7,0,0,0,0,0,0,0,0,0,0,0,0,1,1,1,1,1,1,1,1,1,1,1,1,NA,NA,1,2,1,1,1,1,NA,NA,1,1,I PPT_sm
-3.5,0,1,0,0,0,0,0,0,0,0,0,0,1,1,1,1,1,1,1,1,1,1,1,1.5500000000000007,NA,NA,1,1,1,1,1,1,NA,NA,1,1,I PPT_sm
-3.3,0,0,0,0,0,0,0,0,0,0,0,0,1,1,1,1,1,1.0499999999999972,1,1.3999999999999986,1,1,1,1,1,1,1,1.6999999999999957,1,1,1,1,1,1,1,1,I PPT_sm
-3.1,0,0,0,2,0,0,0,0,0,0,0,0,1,1,1,1,1,2,1,2,1,1.4749999999999979,1,1.6000000000000014,1,1,1,1,1,1,1,1,1,1,1,1,I PPT_sm
-2.9,0,0,0,0,0,0,0,0,0,0,0,0,1,1,1,1,1,1,1,2,1,1,1,2,1,1,1,2,1,1.674999999999999,1,1.6000000000000014,1,1,1,1,I PPT_sm
-2.7,0,0,0,0,0,0,0,1,0,0,0,0,1,1,1,1,1,1,1,2,1,1.4249999999999972,1,1,1,1,1,2,1,1,1,1,1,1,1,1,I PPT_sm
-2.5,0,0,0,0,0,0,0,0,0,0,0,0,1,2,1,2,1,1.4500000000000028,1,2,1,1.6499999999999986,1,1.125,1,1,1,2,1,1,1,1,1,1,1,1,I PPT_sm
-2.3,0,0,0,0,0,0,0,0,0,0,0,0,1,2,1,1,1,2,1,2.474999999999966,1,1,1,1.3999999999999915,1,1,1,2,1,1,1,1,1,1,1,2,I PPT_sm
-2.1,0,0,0,0,2,0,0,0,0,0,0,0,1,2,1,2,1,2,1,2,1,3,1,1.5249999999999986,1,1,1,2.599999999999966,1,1,1,2,1,1,1,1.7749999999999986,I PPT_sm
-1.9,0,0,0,1,0,0,0,0,0,0,0,0,1,2,1,2,1,2,1,3,1,2,1,2,1,2,1,2,1,1.625,1,2,1,1,1,2,I PPT_sm
-1.7,0,1,0,0,1,1,0,1,0,0,0,0,1,2,1,2,1,2,1,3,1,2,1,2,1,2,1,2,1,2,1,2,1,1,1,1,I PPT_sm
-1.5,0,0,1,0,1,0,0,0,0,0,0,0,1,3,1,2,1,2,1,3,1,3,1,2,1,2,1,3,1,2,1,2,1,1,1,1,I PPT_sm
-1.3,2,0,2,1,1,2,0,1,0,0,0,1,1,3,1,2,1,6,1,4,1,2,1,3,1,2,1,2.349999999999966,1,3,1,2,1,2,1,2,I PPT_sm
-1.1,3,2,1,2,3,6,0,0,0,1,0,1,1,7,1,3,1,4,1,5,1,5,1,5,1,3,1,3,1,2,1,7,1,3,1,3,I PPT_sm
-0.9,2,4,2,3,2,2,1,0,1,1,0,1,1,8,1,4,1,6,1,6,1,4,1,6,1,4,1,5,1,3,1,3,1,3,1,3,I PPT_sm
-0.7,1,6,5,2,8,5,1,2,2,1,0,3,1,7,1,5,1,7,1,6,1,6,1,7,1,5,1,4.699999999999932,1,5,1,5,1,6,1,4,I PPT_sm
-0.5,4,7,3,5,1,5,3,4,4,11,1,5,2,10,1,6,2,11,1,6,1,9,1,9,1,9,1,7,1,9,1,7.574999999999932,2,11,1,6,I PPT_sm
-0.3,9,4,8,2,9,9,12,2,12,18,7,7,2,11,2,9,3,12,1,6,3,13,4,14,2,11,1,8,3,13,3,14,8,20,1,8,I PPT_sm
-0.1,5,7,12,4,14,7,12,4,11,11,12,3,2,11,2,10,4,15,3,13,4,14,2,10.074999999999932,3,13,2,10,7,18,6,18,10.975000000000001,24.024999999999977,2,10,I PPT_sm
0.1,5,3,7,0,9,3,9,6,11,9,18,2,2,10,2,12,4,14,5,15,5,15.024999999999977,2,12,4,14,2,12,12,26,6,19,7,19,2,10,I PPT_sm
0.3,6,2,7,3,4,14,9,14,14,7,19,2,1,9,3,11,2,11,1,7,3,13.024999999999977,4,15,3,13,2,11,3,14,4,14,4,14,1,8,I PPT_sm
0.5,9,5,8,4,9,12,4,8,13,7,19,1,1,7,1,9,2,10,1,6,3,13,2,12,2,10,1,8,1,10,2,10,1,7,1,5,I PPT_sm
0.7,9,5,9,13,8,5,2,5,6,5,10,0,1,6,1,8,1,7,1,6,1,10,1.875,10,1,5.649999999999977,1,8,1,7,1,6,1,4.2999999999999545,1,4,I PPT_sm
0.9,2,2,3,4,1,0,0,0,1,0,1,0,1,4,1,5,1,5,1,6,1,5,1,7,1,4,1,6,1,4,1,4,1,3,1,3,I PPT_sm
1.1,2,0,1,3,0,3,0,2,1,2,1,0,1,6,1,6,1,4,1,6,1,4,1,5,1,3,1,4,1,2,1,8,1,3,1,4,I PPT_sm
1.3,0,0,2,5,0,0,0,1,3,0,0,1,1,3,1,3,1,4,1,5,1,3,1,3,1,2,1,3,1,3,1,2,1,2,1,2,I PPT_sm
1.5,0,0,0,1,0,0,1,0,0,0,0,0,1,2,1,2,1,3,1,4,1,3,1,2,1,2,1,3,1,2,1,2,1,2,1,2,I PPT_sm
1.7,1,0,0,4,0,0,0,3,0,0,0,0,1,2,1,2,1,2,1,5,1,2,1,2,1,2,1,2,1,1,1,2,1,1.2249999999999943,1,2,I PPT_sm
1.9,0,1,0,1,0,0,0,1,0,0,0,1,1,2,1,2,1,2,1,5,1,2,1,2,1,1,1,2,1,1.6000000000000014,1,2,1,2,1,2,I PPT_sm
2.1,0,1,0,2,0,0,0,0,0,0,0,1,1,2,1,2,1,2,1,3,1,2,1,1.3999999999999986,1,2,1,2,1,1.125,1,3,1,1,1,2,I PPT_sm
2.3,1,0,0,1,0,0,0,0,0,0,0,0,1,1,1,2,1,1,1,5,1,2,1,1,1,1.1000000000000014,1,2,1,1,1,1,1,2,1,2,I PPT_sm
2.5,0,1,0,1,0,0,0,0,0,0,0,1,1,2,1,2,1,1.8249999999999957,1,3,1,1,1,1,1,1,1,2,1,1,1,1,1,1.4499999999999993,1,1.8999999999999986,I PPT_sm
2.7,0,0,0,1,0,0,0,0,0,0,0,1,1,2,1,2,1,1,1,3,1,1,1,1,1,1,1,2,1,1,1,2,1,1.0749999999999957,1,1,I PPT_sm
2.9,0,0,0,0,0,0,0,0,0,0,0,0,1,1,1,2,1,1,1,2,1,1.3499999999999979,1,1,1,1,1,2,1,1,1,1,1,1,1,1,I PPT_sm
3.1,0,0,0,1,0,0,0,0,0,0,0,0,1,1,1,1,1,1,1,5,1,1,1,1,1,1,1,1,1,1,1,1,1,1,1,1.7249999999999996,I PPT_sm
3.3,0,0,0,0,0,0,0,0,0,0,0,0,1,1,1,2,1,1,1,1,1,1,1,1,1,1,1,2,1,1,1,1,1,1,1,1,I PPT_sm
3.5,0,0,0,0,0,0,0,0,0,0,0,0,1,1,1,1,1,1,1,2,1,1,1,1,1,1,1,1,1,1,1,1,1,1,1,1,I PPT_sm
3.7,0,0,0,0,0,0,0,1,0,0,0,0,1,1,1,1,1,1,1,2,1,1,1,1,1,1,1,1.3250000000000028,1,1,1,1,1,1,1,1,I PPT_sm
3.9,0,0,0,0,0,0,0,0,0,0,0,0,1,1,1,1,1,1,1,1,1,1,1,1,1,1,1,1,1,1,1,1,1,1,1,1,I PPT_sm
4.1,0,0,0,0,0,0,0,0,0,0,0,0,1,1,1,2,1,1,1,1,1,1,1,1,1,1,1,1.7250000000000014,NA,NA,1,1,1,1,1,1,I PPT_sm
4.3,0,0,0,0,0,0,0,0,0,0,0,0,1,1,1,1,1,1,1,2,1,1,1,1,NA,NA,1,1,NA,NA,1,1,1,1,1,1,I PPT_sm
4.5,0,0,0,0,0,0,0,0,0,0,0,0,NA,NA,1,1,NA,NA,1,1,1,1,1,1,NA,NA,1,1,NA,NA,1,1,1,1,1,1,I PPT_sm
4.7,0,0,0,0,0,0,0,0,0,0,0,0,NA,NA,1,1,1,1,1,1.4250000000000007,1,1,1,1,1,1,1,1,1,1,1,1,NA,NA,NA,NA,I PPT_sm
4.9,0,0,0,0,0,0,0,0,0,0,0,0,1,1,1,1,1,1,1,1,NA,NA,1,1,NA,NA,1,1,NA,NA,1,1,1,1,1,1,I PPT_sm
