chr_snp,V1,V2,V3,V4,V5,V6,V7,V8,V9,V10,V11,V12,V13,V14,V15,V16,V17,V18,V19,V20,V21,V22,V23,V24,V25,V26,V27,V28,V29,V30,V31,V32,V33,V34,V35,V36,V37,V38,V39,V40,V41,V42,V43,V44,V45,V46,V47,V48,V49,V50,V51,V52,V53,V54,V55,V56,V57,V58,V59,V60,V61,V62,V63,V64,V65,V66,V67,V68,V69,V70,V71,V72,V73,V74,V75,V76,V77,V78,V79,V80,V81,V82,V83,V84,V85,V86,V87,V88,V89,V90,V91,V92,V93,V94,V95,V96,V97,V98,V99,V100,V101,V102,V103,V104,V105,V106,V107,V108,V109,V110
CE10_chr1_10420560,18,0,10,0,13,1,10,0,14,0,20,0,11,5,8,0,18,0,12,8,20,0,20,0,22,0,18,0,19,1,14,0,18,0,10,0,8,0,4,0,10,0,8,0,12,0,20,0,20,0,8,0,4,0,2,0,8,0,2,2,2,0,12,2,14,6,12,8,16,0,4,10,11,9,4,0,12,8,8,2,8,0,19,1,10,0,4,0,8,0,16,0,10,0,11,3,14,6,6,0,2,0,4,0,6,0,2,0,19,1
CE10_chr1_37340153,9,1,6,2,13,1,9,1,10,0,7,11,12,4,3,5,7,11,8,12,13,5,18,2,2,4,2,0,6,4,6,0,13,5,6,0,8,0,1,3,8,2,4,4,7,5,18,2,15,5,8,0,0,4,0,2,8,0,2,2,2,0,13,1,15,1,17,3,13,3,3,13,4,16,2,2,15,5,10,0,8,0,17,3,7,3,2,2,2,6,11,5,5,5,1,13,2,14,0,6,0,2,1,3,1,5,0,2,13,3
CE10_chr1_40641544,2,2,0,2,5,1,6,2,9,1,0,4,0,4,0,8,9,3,0,20,0,8,0,2,0,2,8,2,0,4,1,3,0,2,0,2,0,2,0,4,5,1,3,3,0,2,16,0,15,3,4,0,0,0,0,0,1,5,4,0,0,0,2,2,14,0,8,2,13,1,5,1,14,0,0,2,6,4,0,2,6,0,1,5,2,0,3,1,3,3,2,6,0,2,0,4,0,14,0,0,0,0,0,4,0,0,0,0,3,3
CE10_chr2_2890930,0,0,0,0,2,0,0,0,0,0,8,0,4,0,0,0,6,0,4,0,6,0,0,4,0,4,0,2,0,6,0,0,0,2,0,2,0,0,0,0,0,0,0,0,10,0,0,0,10,0,4,0,0,0,0,0,6,0,4,0,0,0,4,0,0,0,6,0,0,0,4,0,4,0,0,0,2,0,2,0,0,2,10,0,8,0,0,0,0,0,0,0,6,0,0,0,4,0,0,0,0,0,0,0,2,0,0,0,4,0
CE10_chr2_13563156,16,2,10,0,8,0,2,0,3,3,12,0,7,1,8,0,18,0,20,0,20,0,20,0,22,0,20,0,20,0,14,0,16,0,8,0,8,0,4,0,2,0,6,0,8,0,14,0,9,1,2,0,2,0,2,0,1,1,4,0,1,1,8,0,11,3,6,0,11,1,10,0,18,0,2,0,17,1,6,0,8,0,7,1,10,0,4,0,8,0,12,0,10,0,14,0,20,0,6,0,2,0,4,0,6,0,1,1,15,1
CE10_chr2_18318806,6,12,1,9,12,2,8,2,10,4,13,7,15,1,5,3,15,3,1,15,11,7,0,20,0,22,2,16,3,13,5,7,4,14,5,5,3,5,4,0,3,7,4,4,5,7,13,7,11,7,5,3,4,0,1,1,5,3,1,3,0,2,7,7,14,6,7,11,15,1,10,4,10,10,3,1,7,13,4,6,0,8,17,3,4,4,3,1,5,3,7,9,5,5,10,4,17,3,2,4,2,0,0,2,5,1,1,1,19,1
CE10_chr2_18511041,14,4,9,1,11,3,8,0,10,4,13,7,16,0,5,3,15,3,3,17,14,6,20,0,21,1,16,4,20,0,14,0,18,0,10,0,6,0,4,0,2,8,4,4,5,7,13,7,12,8,5,3,3,1,1,1,5,3,1,3,0,0,10,4,16,4,7,13,14,2,11,7,10,8,3,1,8,12,7,3,0,8,20,0,5,5,3,1,4,4,5,9,6,4,11,3,16,4,2,4,2,0,1,3,4,2,2,0,20,0
CE10_chr2_18534760,6,4,0,2,12,2,8,2,10,2,12,8,13,1,6,2,15,3,2,16,11,7,12,0,6,0,4,0,10,0,6,0,4,0,2,0,6,0,2,0,1,9,4,4,6,6,13,7,12,8,4,4,3,1,1,1,4,4,1,3,0,2,9,5,13,7,8,12,14,2,10,6,8,10,3,1,7,11,5,5,0,8,15,3,5,5,2,2,4,4,9,7,6,4,9,5,17,3,2,4,0,0,1,3,4,2,2,0,18,2
CE10_chr2_18539723,12,4,9,1,11,3,8,2,10,4,13,5,16,0,5,3,15,3,4,14,13,7,12,0,22,0,20,0,14,0,14,0,16,0,10,0,6,0,4,0,1,5,4,4,5,7,13,5,12,8,5,3,3,1,2,0,5,3,1,3,0,2,9,5,14,6,8,12,15,1,12,4,9,11,3,1,8,12,3,5,0,6,19,1,4,4,3,1,4,4,5,9,5,5,9,5,18,2,1,5,2,0,1,3,4,2,2,0,18,2
CE10_chr2_18541798,12,4,9,1,12,2,8,2,10,2,13,7,15,1,5,3,14,2,3,17,14,6,18,0,22,0,20,0,18,0,14,0,18,0,10,0,8,0,4,0,3,7,4,4,5,7,13,7,15,5,6,2,3,1,1,1,6,2,1,3,0,2,12,2,17,3,10,10,15,1,12,6,8,8,3,1,8,12,6,2,0,8,16,2,5,5,3,1,4,4,7,9,6,4,11,3,17,3,1,5,2,0,1,3,4,2,2,0,19,1
CE10_chr2_18542068,14,4,9,1,11,3,8,2,12,2,11,9,16,0,5,3,13,3,1,19,12,8,20,0,21,1,20,0,18,0,14,0,18,0,10,0,8,0,2,0,2,8,4,4,5,5,12,6,11,9,5,3,3,1,1,1,5,3,2,2,0,2,9,5,12,6,9,9,12,2,12,6,9,11,3,1,7,13,6,4,0,8,18,2,6,4,3,1,5,3,7,7,5,5,9,5,18,2,1,5,2,0,0,4,5,1,2,0,16,2
CE10_chr2_18582838,14,4,8,2,9,3,8,2,12,2,10,8,16,0,5,3,10,4,2,16,11,3,18,0,21,1,20,0,20,0,14,0,18,0,10,0,8,0,4,0,2,8,4,4,5,7,12,8,12,6,4,4,3,1,1,1,4,2,1,3,0,2,8,6,14,6,8,12,15,1,10,8,7,7,3,1,10,8,4,6,1,7,16,4,7,3,2,2,4,4,8,8,4,6,8,4,17,1,2,4,2,0,2,2,1,3,2,0,19,1
CE10_chr2_18584866,14,4,9,1,12,0,8,2,11,3,10,10,16,0,5,3,14,4,1,15,13,7,20,0,22,0,18,0,20,0,14,0,18,0,10,0,8,0,2,0,1,9,4,4,5,5,14,6,12,8,3,1,3,1,1,1,6,2,1,3,0,2,9,5,14,6,8,10,15,1,11,7,10,10,3,1,9,11,5,5,0,8,17,3,5,5,3,1,4,4,7,9,6,4,9,5,17,3,2,4,2,0,1,3,4,2,2,0,17,1
CE10_chr2_18588476,4,4,2,2,11,3,8,2,9,1,11,7,13,3,6,2,15,3,3,15,7,5,0,6,0,6,0,8,2,8,4,0,2,2,4,0,2,2,0,0,3,7,4,4,7,5,14,6,13,7,5,3,3,1,1,1,5,3,2,2,0,2,9,5,14,6,8,6,14,2,12,6,11,9,4,0,7,11,4,4,0,8,17,1,4,6,3,1,4,4,8,8,5,3,9,5,16,2,1,5,2,0,1,3,2,2,2,0,16,2
CE10_chr2_18631100,14,4,9,1,12,2,8,2,11,3,12,8,16,0,5,3,14,2,4,16,13,7,20,0,22,0,20,0,20,0,14,0,18,0,10,0,8,0,4,0,2,8,4,4,5,7,13,7,12,8,6,2,3,1,0,0,6,2,2,2,0,2,11,3,13,5,9,11,14,2,10,6,10,10,3,1,7,11,7,1,0,8,17,3,5,5,2,0,4,4,7,9,5,5,12,2,17,3,1,5,2,0,1,3,5,1,2,0,18,2
CE10_chr2_18632042,14,4,8,2,11,3,8,0,12,2,10,10,16,0,5,3,15,3,3,15,14,4,20,0,22,0,20,0,20,0,14,0,18,0,10,0,8,0,4,0,2,8,4,4,4,8,13,5,13,7,5,3,4,0,1,1,5,3,1,3,0,2,8,4,13,5,7,11,14,2,7,7,6,8,3,1,9,11,5,5,0,6,17,3,5,3,3,1,5,3,9,7,6,4,10,4,17,3,0,6,2,0,1,3,4,2,2,0,17,1
CE10_chr2_18632869,12,4,9,1,11,3,8,2,12,2,10,10,15,1,5,3,15,3,3,15,14,6,20,0,21,1,20,0,20,0,14,0,18,0,10,0,8,0,4,0,3,3,4,4,7,5,13,7,12,6,6,2,4,0,1,1,7,1,1,3,0,0,10,2,13,3,8,10,14,2,11,7,7,7,2,2,8,12,5,5,3,5,16,4,7,3,3,1,4,4,8,8,6,4,9,3,17,3,3,1,2,0,1,3,4,2,2,0,20,0
CE10_chr2_18687403,4,12,1,9,11,3,8,2,10,4,11,7,14,2,8,0,15,3,6,14,9,11,0,20,0,22,0,18,2,18,6,8,3,15,5,5,3,5,3,1,2,8,4,4,12,0,13,7,12,8,6,2,3,1,1,1,4,4,2,2,0,2,9,5,15,5,9,11,15,1,12,6,10,10,3,1,7,13,6,4,3,5,17,3,6,4,3,1,4,4,7,9,4,2,14,0,17,3,1,5,2,0,1,3,4,2,1,1,17,1
CE10_chr2_18695632,2,0,0,0,10,0,8,0,6,0,8,0,14,0,8,0,14,0,4,0,2,0,0,0,0,0,2,0,0,0,2,0,2,0,4,0,0,0,0,0,0,0,4,0,10,0,12,0,6,0,4,0,2,0,0,0,2,0,0,0,0,0,4,0,12,0,4,0,12,0,8,0,4,0,2,0,4,0,4,0,2,0,16,0,6,0,2,0,2,0,4,0,2,0,14,0,14,0,2,0,2,0,0,0,2,0,0,0,16,0
CE10_chr2_18734446,7,11,2,8,12,2,8,2,10,4,13,7,13,3,8,0,16,2,5,13,11,9,0,20,0,22,1,19,3,15,6,8,4,12,5,5,2,6,2,2,2,8,4,4,11,1,14,6,12,6,6,2,3,1,2,0,4,4,1,3,0,2,9,5,12,6,7,9,14,2,11,7,12,8,3,1,4,16,5,5,2,6,15,1,6,4,3,1,5,3,7,7,5,5,14,0,17,3,1,5,2,0,1,3,3,3,2,0,19,1
CE10_chr2_18738517,14,4,10,0,12,2,8,2,12,2,11,9,15,1,8,0,15,3,6,14,13,5,20,0,22,0,20,0,20,0,14,0,18,0,10,0,8,0,4,0,2,8,4,4,11,1,11,5,13,7,5,3,3,1,1,1,5,3,0,2,0,2,10,4,13,7,7,11,14,2,9,9,12,6,3,1,8,12,5,5,3,5,18,2,6,4,3,1,4,4,8,8,5,3,14,0,19,1,2,4,2,0,2,2,4,2,2,0,18,2
CE10_chr2_18741844,14,4,9,1,11,3,8,2,12,2,10,10,15,1,5,3,12,6,7,11,13,7,20,0,22,0,20,0,20,0,14,0,18,0,10,0,8,0,4,0,2,8,4,4,11,1,11,9,12,8,6,2,3,1,1,1,5,3,2,2,0,2,9,5,12,6,8,10,14,2,9,5,11,9,3,1,9,9,5,5,2,6,18,2,8,2,3,1,4,4,6,8,5,5,10,4,15,5,1,5,2,0,1,3,3,3,2,0,19,1
CE10_chr2_18960949,5,13,1,9,7,5,8,2,8,4,11,9,13,3,8,0,15,3,5,15,15,5,0,20,0,22,1,19,4,12,5,9,4,14,5,5,3,5,0,2,4,6,4,4,11,1,9,11,9,9,3,3,3,1,1,1,4,4,1,3,0,2,10,4,14,6,7,11,14,2,11,7,11,9,4,0,5,15,5,5,2,6,16,2,7,3,3,1,4,4,5,9,6,4,14,0,18,2,1,5,2,0,1,3,4,2,2,0,18,2
CE10_chr2_18961314,4,14,1,7,9,5,8,2,10,4,10,10,14,2,8,0,16,2,7,11,14,6,0,16,0,22,1,19,4,16,6,8,4,12,5,5,2,6,1,3,3,7,4,4,10,0,8,12,10,10,4,4,3,1,1,1,5,3,2,2,0,2,10,4,15,5,10,8,13,1,11,7,11,7,4,0,7,13,4,6,3,5,18,0,7,3,3,1,3,3,6,10,6,4,14,0,17,3,1,5,2,0,1,3,4,2,2,0,17,1
CE10_chr2_18963389,14,4,9,1,9,3,8,0,8,4,11,7,16,0,8,0,16,2,5,11,13,7,20,0,22,0,20,0,20,0,14,0,18,0,10,0,8,0,4,0,2,8,4,4,11,1,11,9,10,10,4,4,4,0,1,1,5,3,0,4,0,2,10,4,14,6,10,10,14,2,11,5,13,7,3,1,8,12,6,4,1,7,16,4,5,3,3,1,4,4,4,12,5,5,14,0,18,2,1,5,2,0,1,3,4,2,2,0,20,0
CE10_chr2_18963507,14,4,9,1,10,4,8,2,11,3,9,9,16,0,8,0,15,3,5,15,10,8,20,0,22,0,20,0,20,0,14,0,18,0,10,0,8,0,2,0,3,7,4,4,11,1,8,10,11,9,4,4,3,1,1,1,6,2,1,3,0,2,11,3,13,7,8,10,13,3,11,5,12,6,3,1,8,12,4,4,3,5,16,4,6,2,3,1,3,5,7,9,5,5,14,0,17,3,2,4,2,0,1,3,4,2,2,0,18,2
CE10_chr2_18963606,0,4,0,0,9,5,8,2,7,1,8,8,14,0,8,0,16,2,4,14,11,7,0,0,0,2,2,0,2,0,4,0,2,0,2,0,0,0,4,0,3,7,4,4,11,1,9,9,9,9,3,3,3,1,1,1,3,3,0,4,0,2,8,4,14,6,8,12,14,2,7,7,11,9,3,1,4,12,4,4,1,7,17,3,3,5,3,1,3,3,6,10,5,5,14,0,17,3,2,4,2,0,2,2,4,2,2,0,17,1
CE10_chr2_18965007,14,4,9,1,8,4,8,2,13,1,10,10,15,1,8,0,14,4,9,11,11,9,20,0,22,0,20,0,20,0,14,0,18,0,10,0,8,0,4,0,2,8,4,2,11,1,10,10,10,10,3,5,3,1,1,1,5,3,2,2,0,2,8,6,13,7,9,11,14,2,10,8,11,9,3,1,9,11,6,4,2,6,17,3,6,4,3,1,4,4,6,10,4,4,14,0,16,4,1,5,2,0,1,3,4,2,2,0,20,0
CE10_chr2_41091592,12,4,8,0,0,14,0,8,1,11,8,8,2,14,0,2,2,14,6,6,4,14,18,0,22,0,20,0,20,0,14,0,16,0,10,0,8,0,4,0,3,7,0,8,0,12,1,19,2,16,0,6,0,2,0,2,2,6,1,1,0,2,0,12,0,18,0,18,0,16,3,15,8,10,2,2,8,10,3,5,0,4,4,16,2,8,0,4,2,6,2,12,3,5,3,7,0,20,0,0,0,2,0,4,1,5,1,1,0,16
CE10_chr2_41306662,2,14,2,8,12,0,8,2,11,3,17,1,2,6,8,0,12,0,16,0,4,4,0,20,1,21,0,20,0,20,0,14,2,16,0,10,0,8,0,4,10,0,6,0,10,0,20,0,20,0,8,0,2,0,0,0,8,0,4,0,2,0,10,2,16,2,20,0,16,0,18,0,20,0,4,0,14,4,10,0,1,5,20,0,2,0,4,0,5,1,12,0,7,1,2,8,0,6,5,1,2,0,1,3,2,0,0,2,5,1
CE10_chr3_13096437,14,0,8,0,6,0,10,0,6,2,5,1,2,0,3,1,8,2,11,1,2,0,12,0,22,0,16,0,20,0,14,0,12,0,10,0,8,0,2,0,4,0,6,0,12,0,14,0,10,0,4,0,0,0,0,0,4,0,2,0,2,0,8,0,7,1,14,0,4,0,5,1,3,1,0,0,14,0,4,0,3,1,0,0,2,0,4,0,6,0,12,0,0,0,12,0,7,1,0,0,2,0,0,0,0,0,2,0,6,2
CE10_chr3_28931309,18,0,10,0,14,0,10,0,14,0,20,0,12,4,8,0,18,0,18,2,16,4,20,0,22,0,20,0,16,0,14,0,18,0,10,0,8,0,4,0,10,0,8,0,12,0,20,0,20,0,8,0,4,0,2,0,8,0,4,0,2,0,12,2,20,0,20,0,16,0,16,0,20,0,4,0,17,1,10,0,4,2,20,0,8,2,4,0,6,2,14,0,7,3,14,0,20,0,6,0,2,0,4,0,5,1,2,0,14,6
CE10_chr3_32049444,10,0,4,0,14,0,10,0,14,0,20,0,10,6,8,0,17,1,19,1,16,4,0,0,18,0,16,0,10,0,10,0,2,0,0,0,6,0,0,0,10,0,8,0,12,0,20,0,20,0,8,0,4,0,2,0,8,0,4,0,2,0,3,9,20,0,20,0,16,0,18,0,20,0,2,0,13,3,10,0,5,3,19,1,9,1,4,0,7,1,16,0,5,3,14,0,20,0,6,0,2,0,4,0,5,1,2,0,17,3
CE10_chr3_43102264,4,4,2,0,10,0,4,0,10,0,18,0,9,1,8,0,16,0,10,0,6,2,0,4,3,17,0,16,0,10,0,2,2,0,4,0,2,0,0,0,4,0,4,0,9,1,20,0,12,0,8,0,0,0,0,0,4,0,4,0,2,0,12,2,6,0,10,0,12,0,14,0,18,0,4,0,16,0,8,0,6,2,20,0,8,0,4,0,4,0,16,0,10,0,8,0,14,0,6,0,0,0,0,0,2,0,2,0,6,0
CE10_chr3_45146794,14,4,6,2,7,7,0,10,0,14,8,12,0,16,0,8,0,18,0,20,1,19,19,1,12,10,14,2,12,8,12,2,12,6,9,1,8,0,4,0,4,6,4,4,4,4,12,8,3,17,0,8,0,4,0,2,1,5,1,3,0,2,8,4,0,20,0,18,0,16,0,14,0,20,0,4,6,14,4,6,0,8,0,16,0,10,0,4,1,7,2,14,1,7,0,14,0,18,0,6,0,2,0,4,0,6,1,1,2,18
CE10_chr3_49434709,18,0,9,1,11,1,8,0,14,0,20,0,15,1,8,0,17,1,12,6,11,7,19,1,16,4,20,0,16,4,14,0,18,0,10,0,6,2,4,0,9,1,8,0,12,0,19,1,20,0,8,0,4,0,2,0,8,0,4,0,2,0,14,0,14,6,20,0,9,7,16,0,20,0,4,0,19,1,10,0,8,0,20,0,10,0,4,0,5,1,15,1,9,1,12,2,3,17,4,2,1,1,4,0,3,3,1,1,17,3
CE10_chr3_49436387,14,2,3,5,9,3,6,2,12,2,14,6,16,0,5,1,10,2,1,11,12,6,14,0,10,8,10,8,5,13,4,8,0,14,2,4,3,5,4,0,9,1,5,3,12,0,9,11,15,5,8,0,4,0,1,1,7,1,2,2,1,1,6,8,12,8,18,2,8,8,10,2,17,3,4,0,18,2,3,5,3,3,20,0,5,1,1,3,4,4,11,5,6,4,3,3,2,16,4,2,1,1,4,0,4,2,1,1,15,3
CE10_chr4_43732031,17,1,10,0,12,0,6,4,9,5,16,0,14,0,8,0,18,0,18,0,16,2,20,0,22,0,20,0,20,0,14,0,18,0,10,0,5,3,4,0,10,0,8,0,11,1,19,1,18,2,2,4,2,0,2,0,6,0,4,0,1,1,14,0,17,3,13,1,8,6,13,1,20,0,4,0,17,1,8,0,8,0,2,0,10,0,4,0,8,0,16,0,10,0,14,0,20,0,6,0,2,0,4,0,6,0,2,0,20,0
CE10_chr4_45367078,18,0,10,0,14,0,8,0,14,0,20,0,12,4,8,0,16,2,20,0,19,1,20,0,22,0,20,0,20,0,14,0,18,0,10,0,8,0,4,0,10,0,8,0,12,0,20,0,16,4,5,3,4,0,2,0,8,0,4,0,2,0,12,0,11,9,10,10,9,7,15,1,19,1,4,0,17,3,10,0,6,2,18,0,10,0,4,0,8,0,16,0,10,0,14,0,19,1,6,0,2,0,4,0,6,0,2,0,18,2
CE10_chr5_3851138,17,1,10,0,10,4,10,0,11,1,16,4,16,0,8,0,18,0,20,0,20,0,19,1,21,1,20,0,20,0,13,1,14,4,10,0,7,1,3,1,10,0,5,3,12,0,17,3,19,1,8,0,4,0,2,0,8,0,2,2,2,0,14,0,18,0,17,1,16,0,13,3,13,5,4,0,15,5,5,3,8,0,20,0,10,0,2,0,8,0,14,2,10,0,14,0,20,0,6,0,2,0,4,0,6,0,2,0,18,0
CE10_chr5_6592466,16,2,8,0,14,0,10,0,13,1,12,8,16,0,8,0,16,0,19,1,20,0,20,0,21,1,18,2,20,0,11,3,13,5,10,0,8,0,3,1,10,0,5,3,8,4,14,4,17,3,8,0,4,0,2,0,5,3,3,1,2,0,7,7,17,3,16,4,14,2,14,0,16,2,1,3,19,1,7,3,8,0,10,10,6,2,4,0,8,0,14,2,10,0,14,0,19,1,6,0,2,0,4,0,6,0,2,0,15,1
CE10_chr5_8751850,0,12,2,6,14,0,9,1,11,3,16,4,14,0,5,3,16,2,12,6,11,9,11,9,0,12,0,14,0,16,0,8,3,15,0,10,1,7,0,4,4,6,0,8,6,6,12,8,9,11,8,0,1,3,0,2,1,7,4,0,1,1,8,6,20,0,18,2,14,2,18,0,20,0,4,0,14,6,7,3,4,2,20,0,10,0,2,2,6,2,12,4,8,0,11,3,8,12,6,0,2,0,3,1,1,5,1,1,10,10
CE10_chr5_41394643,11,5,3,5,12,2,10,0,9,5,9,11,8,8,6,2,11,7,14,6,13,7,11,9,18,4,7,13,9,11,10,4,5,13,10,0,4,2,0,2,6,4,4,4,10,2,19,1,17,3,3,3,0,4,0,2,5,3,2,2,2,0,11,3,15,3,15,5,14,2,6,10,12,8,3,1,14,6,5,5,2,6,3,17,10,0,4,0,7,1,10,6,3,7,6,6,6,14,4,2,0,0,1,3,4,2,2,0,14,6
CE10_chr5_42944506,8,8,4,6,9,3,0,6,14,0,11,9,0,8,0,8,13,5,6,12,3,15,1,17,5,15,6,12,6,14,10,0,11,5,2,2,5,1,2,0,3,5,6,2,7,3,8,12,20,0,7,1,1,3,0,2,4,0,3,1,2,0,12,0,18,2,18,0,3,13,14,4,15,3,0,2,4,10,5,5,6,2,14,6,8,2,4,0,5,1,12,4,7,3,2,12,4,16,1,5,2,0,0,4,1,5,0,2,4,16
CE10_chr6_8042005,0,8,0,0,3,7,1,9,4,8,11,3,6,4,0,0,0,16,0,4,0,4,0,20,4,10,1,11,0,6,0,4,2,12,0,6,0,4,0,0,6,2,4,2,0,8,3,17,2,16,1,5,0,0,0,0,0,8,0,2,0,2,0,14,0,20,0,20,2,12,0,14,0,14,2,0,2,16,4,6,0,0,20,0,0,0,2,0,0,2,2,4,0,0,0,8,0,0,0,0,0,0,0,2,0,0,0,0,2,6
CE10_chr6_10140458,14,4,7,1,9,5,3,7,8,6,0,20,2,14,3,3,7,9,9,9,5,15,20,0,22,0,20,0,20,0,14,0,16,2,10,0,8,0,4,0,4,4,0,8,3,9,9,11,8,12,3,3,0,4,0,2,3,5,3,1,0,2,3,7,10,10,12,8,2,12,3,9,17,3,0,4,9,9,5,3,2,6,0,20,7,3,2,2,0,6,1,15,3,7,2,6,0,20,0,6,0,2,0,4,0,6,1,1,7,11
CE10_chr6_10145222,14,2,8,0,12,2,9,1,12,2,13,7,16,0,8,0,14,4,11,9,20,0,20,0,22,0,20,0,20,0,14,0,18,0,10,0,8,0,4,0,4,4,3,5,5,7,11,9,11,9,8,0,1,1,2,0,5,3,4,0,1,1,14,0,20,0,16,4,14,2,15,1,19,1,2,2,19,1,10,0,5,3,20,0,7,1,4,0,7,1,11,5,4,6,9,5,20,0,6,0,2,0,4,0,6,0,2,0,17,1
CE10_chr6_52682981,17,1,6,4,12,2,4,6,4,10,10,10,2,14,5,3,7,9,12,6,11,9,18,2,20,2,16,2,13,7,14,0,15,3,10,0,8,0,4,0,7,3,8,0,10,2,9,11,10,10,7,1,3,1,2,0,7,1,4,0,2,0,0,12,6,14,8,12,2,12,1,15,10,10,3,1,12,4,8,2,1,7,14,6,7,3,2,2,2,4,7,9,10,0,6,8,15,5,0,4,2,0,3,1,5,1,2,0,7,13
CE10_chr6_52686214,16,2,6,4,11,3,3,7,4,10,10,10,2,14,4,4,6,12,19,1,10,10,17,3,20,2,13,5,12,8,14,0,15,3,10,0,8,0,4,0,7,3,8,0,8,4,10,10,10,10,8,0,3,1,2,0,7,1,4,0,2,0,2,12,6,14,10,8,2,14,8,8,9,11,3,1,10,10,10,0,3,5,16,2,7,3,2,2,3,5,6,10,10,0,14,0,15,5,2,4,0,0,3,1,6,0,2,0,7,13
CE10_chr6_52686491,14,4,6,4,11,3,4,6,4,10,12,8,2,14,4,4,6,10,19,1,10,10,16,4,20,2,15,3,10,10,14,0,15,3,10,0,8,0,4,0,5,3,8,0,7,3,11,9,10,10,8,0,4,0,2,0,8,0,4,0,2,0,2,10,6,14,9,9,1,13,9,9,10,10,3,1,10,10,10,0,3,5,18,2,6,4,2,2,3,5,6,10,10,0,12,2,14,6,1,5,2,0,2,0,6,0,2,0,10,8
CE10_chr6_52686524,13,3,6,4,11,1,2,0,2,4,7,1,2,6,4,4,6,12,19,1,10,10,17,3,19,3,14,6,11,9,14,0,15,1,10,0,8,0,4,0,4,0,8,0,7,3,4,0,7,1,8,0,2,0,2,0,8,0,4,0,2,0,2,8,3,7,8,2,1,7,7,3,6,6,2,0,6,2,10,0,1,1,18,2,2,0,2,2,3,5,3,5,10,0,10,0,14,4,0,4,2,0,3,1,4,0,2,0,9,5
CE10_chr6_52686709,16,2,6,4,11,3,3,7,4,10,11,9,2,12,3,3,7,11,20,0,11,9,17,3,19,3,15,5,9,11,14,0,15,3,10,0,8,0,4,0,6,4,8,0,9,3,10,8,11,9,8,0,4,0,2,0,7,1,4,0,2,0,3,11,7,13,11,9,3,13,8,8,9,11,4,0,10,8,10,0,4,4,19,1,4,6,2,2,3,5,6,10,10,0,12,2,12,8,1,5,2,0,3,1,6,0,2,0,9,11
CE10_chr6_52687031,16,2,6,4,9,3,3,7,3,11,10,10,2,14,5,3,5,9,19,1,10,10,18,2,20,2,14,4,12,8,14,0,15,3,10,0,8,0,4,0,7,3,8,0,10,2,12,8,11,9,8,0,3,1,2,0,6,2,4,0,1,1,0,12,6,14,9,9,2,14,7,7,9,11,3,1,9,11,10,0,4,4,17,1,4,6,2,2,3,5,6,6,10,0,10,2,14,6,1,5,2,0,3,1,6,0,2,0,5,11
CE10_chr6_52687062,14,2,6,4,11,3,3,7,3,11,10,10,2,12,4,4,7,11,19,1,10,10,18,2,20,2,14,4,10,8,14,0,15,3,10,0,8,0,4,0,6,4,8,0,9,3,13,7,11,9,8,0,3,1,2,0,6,2,4,0,1,1,0,12,6,14,11,9,2,14,7,7,9,11,3,1,9,11,10,0,4,4,17,1,5,5,2,2,3,5,8,8,10,0,12,2,13,7,1,5,2,0,3,1,6,0,2,0,6,10
CE10_chr6_52687204,14,2,6,4,11,3,3,7,3,9,10,10,2,12,4,4,5,9,19,1,10,8,19,1,21,1,12,4,8,6,14,0,15,3,10,0,8,0,4,0,7,3,8,0,9,3,12,8,12,8,8,0,3,1,2,0,7,1,4,0,1,1,0,12,6,14,9,11,1,9,12,6,7,9,3,1,11,9,10,0,4,2,19,1,6,4,2,2,3,5,7,7,10,0,11,1,14,6,1,1,0,0,3,1,5,1,2,0,10,10
CE10_chr6_52689350,14,2,6,4,12,0,2,2,2,10,9,1,2,8,6,2,6,10,19,1,10,10,18,2,21,1,17,3,9,11,14,0,15,1,10,0,8,0,4,0,4,0,8,0,9,3,7,5,9,1,8,0,2,0,2,0,7,1,4,0,2,0,1,7,3,5,5,3,1,11,9,3,9,7,2,0,8,4,10,0,2,0,18,2,2,0,2,2,3,5,3,3,10,0,10,0,13,5,0,4,2,0,3,1,4,2,2,0,7,5
CE10_chr6_56409031,14,4,9,1,12,2,9,1,12,2,13,7,16,0,8,0,16,0,17,3,20,0,20,0,21,1,19,1,19,1,13,1,18,0,10,0,8,0,4,0,5,5,6,2,9,3,15,5,15,5,8,0,4,0,2,0,2,4,4,0,1,1,11,1,14,4,20,0,16,0,18,0,18,2,4,0,16,2,8,2,8,0,20,0,10,0,4,0,8,0,15,1,9,1,10,4,19,1,6,0,2,0,4,0,6,0,2,0,20,0
CE10_chr6_56504004,11,5,1,9,12,0,8,2,11,3,8,12,11,3,6,2,17,1,13,5,14,4,6,12,13,7,15,3,18,2,6,8,3,13,5,5,2,6,3,1,8,0,4,4,4,6,20,0,12,8,8,0,2,2,0,2,5,3,2,0,1,1,8,2,20,0,14,4,9,5,13,1,14,6,3,1,20,0,6,4,7,1,4,12,8,2,2,2,5,3,8,8,0,6,7,7,10,10,5,1,0,0,1,3,4,2,2,0,16,2
CE10_chr6_56504967,15,3,2,8,12,0,8,2,11,3,6,14,14,2,6,2,16,2,13,7,17,3,5,15,11,9,14,6,13,3,6,8,3,15,5,5,2,6,3,1,7,3,4,4,6,6,20,0,12,8,8,0,2,2,0,2,6,2,2,2,1,1,8,6,20,0,16,4,8,6,15,3,13,5,2,2,19,1,6,4,7,1,4,12,7,3,2,2,5,3,7,9,4,6,7,7,12,8,6,0,1,1,1,3,5,1,2,0,17,3
CE10_chr6_56505268,12,0,2,0,12,0,8,0,10,0,4,0,10,0,6,0,14,0,8,0,14,0,4,0,10,0,10,0,16,0,4,0,4,0,6,0,1,1,0,0,6,0,4,0,4,0,20,0,15,1,6,0,2,0,0,0,6,0,2,0,2,0,4,0,20,0,14,0,4,0,12,0,10,0,0,0,18,0,6,0,6,0,2,0,6,0,2,0,4,0,4,0,4,0,2,0,6,0,2,0,0,0,0,0,2,0,2,0,16,0
CE10_chr6_56505735,13,5,2,4,14,0,7,1,11,3,5,9,12,0,6,2,16,0,11,9,15,3,5,15,12,6,12,4,17,1,6,6,3,13,5,3,0,2,3,1,8,2,4,0,5,5,20,0,14,4,8,0,2,2,0,2,3,3,2,2,0,0,7,5,20,0,16,0,9,5,16,0,16,2,2,0,19,1,6,2,6,0,6,8,6,2,2,0,3,3,9,5,2,4,6,4,10,6,5,1,2,0,0,0,3,1,2,0,16,2
CE10_chr6_56505767,13,5,3,7,13,1,7,3,12,2,7,13,14,2,7,1,15,1,12,6,17,3,4,16,13,9,14,4,18,2,6,6,2,16,5,5,2,6,3,1,7,1,4,4,6,6,20,0,13,7,8,0,2,2,0,2,4,4,2,2,1,1,6,6,20,0,15,3,9,7,18,0,17,3,2,2,19,1,6,4,7,1,7,11,5,5,2,2,4,4,9,7,3,7,8,4,11,9,5,1,2,0,0,0,4,2,2,0,18,2
CE10_chr6_56507770,14,4,3,7,13,1,7,3,11,3,7,13,13,3,6,2,18,0,14,6,17,3,5,13,13,9,12,8,19,1,6,8,4,14,5,5,1,7,1,3,8,2,4,4,6,6,20,0,12,8,8,0,2,2,0,2,6,2,2,2,2,0,9,5,20,0,14,4,8,6,17,1,16,2,3,1,19,1,7,3,7,1,6,12,7,3,2,2,4,4,7,9,2,6,8,6,11,9,4,2,2,0,1,3,4,2,2,0,15,3
CE10_chr6_56508033,12,2,3,7,12,0,8,0,11,1,7,11,13,1,6,2,14,0,14,6,17,3,5,15,12,6,14,2,19,1,7,7,3,13,5,3,1,7,2,2,9,1,5,3,7,5,20,0,11,7,8,0,2,2,0,2,6,2,2,2,1,1,4,0,20,0,18,2,10,4,16,0,14,6,0,0,18,0,5,5,8,0,2,8,7,3,2,2,4,4,8,6,3,7,7,7,13,7,2,4,1,1,2,2,4,2,2,0,17,1
CE10_chr6_56508360,15,3,0,6,13,1,7,3,12,2,8,12,13,3,6,2,17,1,10,6,18,2,5,15,14,8,16,4,18,2,6,8,3,15,5,5,1,7,0,0,8,2,4,4,5,5,20,0,11,9,8,0,2,2,0,2,6,2,2,2,1,1,10,2,20,0,16,4,10,6,16,2,14,4,2,2,17,1,4,6,7,1,6,14,8,2,2,2,4,4,7,9,3,5,9,5,13,7,3,3,1,1,2,2,3,1,2,0,17,3
CE10_chr6_56508405,15,3,0,6,13,1,7,3,12,2,8,12,13,3,6,2,17,1,11,7,17,1,5,15,14,8,16,4,18,2,5,7,3,15,5,5,1,7,0,0,8,2,4,4,5,5,20,0,12,8,8,0,2,2,0,2,7,1,2,2,1,1,7,3,18,0,15,3,12,4,17,1,14,4,2,2,19,1,4,6,7,1,5,13,6,2,2,2,3,3,5,9,3,5,7,5,12,6,3,1,1,1,0,2,3,1,2,0,17,3
CE10_chr6_56508510,14,4,3,7,13,1,7,3,12,2,7,11,13,3,6,2,17,1,13,5,16,4,7,13,13,9,13,7,18,2,6,8,3,15,5,5,1,7,3,1,8,2,4,4,5,7,20,0,11,7,8,0,2,2,0,2,6,2,2,0,0,0,7,5,20,0,16,4,10,4,16,2,14,6,2,2,19,1,4,6,6,0,6,10,5,3,2,0,5,3,7,7,3,7,9,5,12,8,3,3,1,1,1,3,5,1,2,0,17,3
CE10_chr6_56508903,14,4,1,7,13,1,7,1,11,1,6,10,15,1,6,2,16,2,13,7,17,3,6,14,14,6,14,6,19,1,6,8,4,14,5,5,2,6,3,1,7,1,4,4,6,6,20,0,12,8,8,0,2,2,0,2,7,1,2,2,1,1,9,5,20,0,16,4,9,7,16,0,15,3,3,1,19,1,4,4,7,1,4,12,6,4,2,2,5,3,10,6,3,5,7,7,11,9,3,3,2,0,1,3,5,1,2,0,16,4
CE10_chr6_56509130,12,4,2,6,13,1,8,2,12,2,7,9,14,2,6,2,16,2,13,3,18,2,4,16,14,8,14,4,17,1,6,8,3,15,5,5,1,5,2,2,10,0,4,4,7,5,18,0,12,8,8,0,2,2,0,2,6,2,2,2,1,1,7,5,20,0,15,5,12,4,17,1,13,3,1,1,20,0,6,4,6,2,7,13,6,4,2,2,3,3,9,7,5,5,8,6,11,7,3,1,0,0,1,3,5,1,2,0,16,4
CE10_chr6_60718601,5,13,1,9,13,1,9,1,11,3,18,2,14,2,8,0,18,0,19,1,20,0,1,19,0,18,1,11,3,13,0,14,2,14,0,8,0,6,1,1,7,3,6,2,12,0,20,0,20,0,8,0,3,1,2,0,7,1,4,0,2,0,13,1,17,3,20,0,16,0,18,0,12,8,4,0,13,7,7,3,8,0,20,0,10,0,4,0,8,0,16,0,10,0,14,0,20,0,6,0,2,0,3,1,6,0,1,1,18,0
CE10_chr7_10591619,13,5,10,0,11,3,7,3,11,1,19,1,11,5,4,4,12,4,11,5,6,14,18,2,8,12,15,5,13,7,11,1,18,0,9,1,8,0,4,0,10,0,6,0,12,0,20,0,16,4,8,0,0,4,0,2,8,0,1,3,2,0,3,9,18,2,16,2,8,8,16,2,15,3,2,2,15,5,7,3,2,6,14,4,4,4,4,0,2,6,10,4,0,8,10,2,4,16,0,6,1,1,0,4,0,6,0,2,7,13
CE10_chr7_23731913,18,0,10,0,12,0,10,0,7,1,8,0,16,0,0,0,2,6,6,0,18,0,20,0,22,0,20,0,20,0,12,0,18,0,10,0,8,0,4,0,10,0,5,1,8,0,18,0,12,0,6,0,4,0,2,0,2,0,0,0,0,0,3,7,12,2,6,0,14,0,10,0,6,0,2,0,16,0,4,0,2,2,20,0,6,0,0,0,6,2,4,0,6,0,3,1,14,0,6,0,2,0,4,0,4,0,2,0,12,0
CE10_chr7_30318081,13,3,9,1,7,7,4,6,12,2,11,9,3,13,2,6,1,17,2,16,4,14,20,0,22,0,18,0,20,0,14,0,16,2,10,0,8,0,2,0,7,3,8,0,9,3,15,3,11,9,0,6,0,4,0,2,6,2,1,3,2,0,9,5,7,9,7,9,3,11,4,8,2,12,0,2,4,14,3,7,0,8,4,16,0,10,3,1,0,8,8,8,2,8,1,13,1,19,0,6,0,0,0,2,2,4,0,2,8,10
CE10_chr7_30318160,14,2,9,1,7,7,4,6,14,0,9,11,2,12,4,4,1,15,1,19,3,17,20,0,22,0,20,0,20,0,14,0,16,2,10,0,8,0,4,0,5,3,8,0,9,3,17,3,11,9,2,6,0,4,0,2,7,1,1,1,0,0,10,4,8,12,6,14,2,12,6,10,0,18,1,3,4,14,4,6,0,8,4,16,0,10,3,1,0,8,9,7,3,7,2,8,1,17,0,6,0,2,2,2,2,4,1,1,9,11
CE10_chr7_30907068,14,4,9,1,0,10,2,4,10,2,10,10,2,14,2,2,0,12,1,13,4,16,20,0,10,10,11,9,18,2,14,0,16,2,10,0,8,0,4,0,1,9,6,0,9,3,8,6,9,11,2,6,0,4,0,2,8,0,1,1,1,1,11,3,7,11,7,11,0,14,9,9,9,11,1,3,7,13,1,7,0,8,4,16,0,10,3,1,0,8,6,8,3,7,2,10,0,20,0,6,0,2,1,3,2,4,1,1,6,14
CE10_chr7_30912263,14,4,9,1,0,8,2,8,10,2,10,10,2,14,2,6,0,16,2,18,2,18,14,6,10,12,8,12,18,2,13,1,13,5,10,0,8,0,4,0,1,5,5,1,10,2,10,4,11,9,2,4,0,4,0,2,6,2,3,1,1,1,9,3,6,14,8,12,0,12,8,10,10,10,1,3,8,12,1,9,0,8,4,14,0,10,3,1,0,8,5,11,2,8,2,12,0,18,0,6,0,2,1,3,2,4,0,2,6,12
CE10_chr7_33956812,18,0,10,0,12,2,10,0,14,0,20,0,16,0,4,4,11,5,16,4,20,0,20,0,22,0,20,0,20,0,14,0,18,0,10,0,8,0,4,0,10,0,8,0,11,1,17,3,20,0,8,0,4,0,2,0,8,0,4,0,2,0,14,0,18,0,20,0,16,0,18,0,20,0,4,0,20,0,10,0,8,0,20,0,10,0,4,0,8,0,13,3,8,2,10,2,20,0,6,0,2,0,4,0,6,0,2,0,18,0
CE10_chr7_40848773,14,0,4,0,14,0,8,0,14,0,20,0,16,0,8,0,18,0,20,0,20,0,10,0,16,2,8,0,9,1,10,0,4,0,2,0,2,0,2,0,10,0,8,0,12,0,20,0,18,0,8,0,4,0,2,0,8,0,4,0,2,0,14,0,20,0,20,0,16,0,16,0,20,0,4,0,18,0,10,0,8,0,20,0,10,0,4,0,8,0,16,0,10,0,14,0,20,0,6,0,2,0,4,0,6,0,2,0,18,0
CE10_chr8_1037756,2,2,2,0,14,0,10,0,10,0,12,8,14,2,8,0,18,0,20,0,18,0,0,0,0,8,0,2,0,2,0,4,2,6,0,0,0,0,0,0,8,0,4,4,0,2,18,2,18,2,8,0,4,0,2,0,7,1,2,2,2,0,8,6,20,0,12,6,10,2,6,6,8,12,4,0,4,10,8,0,6,2,6,14,7,3,4,0,8,0,14,2,10,0,14,0,20,0,6,0,2,0,4,0,6,0,2,0,18,0
CE10_chr8_4027355,14,4,10,0,11,3,3,5,10,4,12,8,8,8,8,0,13,3,13,7,4,14,18,0,21,1,19,1,17,3,14,0,16,0,10,0,8,0,4,0,7,3,7,1,9,3,11,9,8,12,0,8,3,1,0,2,3,5,2,2,2,0,10,2,11,9,9,11,4,10,6,8,6,14,2,2,9,11,8,2,8,0,19,1,9,1,4,0,6,2,8,8,1,9,7,7,7,13,0,4,2,0,2,2,2,4,1,1,3,13
CE10_chr8_4030884,14,4,10,0,8,4,4,6,11,3,13,7,9,7,8,0,14,4,11,7,4,14,20,0,21,1,17,1,19,1,14,0,18,0,10,0,8,0,4,0,5,1,7,1,6,4,12,6,8,12,0,8,4,0,0,2,4,4,2,2,2,0,11,1,9,11,9,11,6,10,5,11,4,16,2,2,7,13,6,2,8,0,19,1,6,4,4,0,5,3,8,6,1,7,4,4,5,15,2,4,2,0,3,1,3,3,2,0,6,14
CE10_chr8_6815151,5,13,2,8,14,0,6,2,1,13,13,7,16,0,6,2,7,11,8,12,13,7,9,11,1,21,0,18,3,17,0,14,7,11,5,5,1,7,0,4,9,1,2,6,7,5,9,11,8,10,6,2,3,1,2,0,3,5,4,0,0,2,14,0,17,1,10,10,14,2,14,4,20,0,4,0,14,6,6,4,6,2,16,0,6,4,4,0,4,4,10,6,8,2,10,4,4,16,6,0,0,0,1,3,6,0,2,0,6,14
CE10_chr8_11198607,14,4,4,4,11,3,7,3,13,1,9,11,12,4,1,7,9,1,16,4,11,1,5,1,14,6,16,2,11,9,6,8,9,3,5,5,2,0,2,0,10,0,5,3,12,0,20,0,18,2,8,0,0,0,0,0,4,2,4,0,2,0,3,9,17,3,18,2,2,14,12,6,20,0,2,2,15,5,3,5,8,0,0,20,10,0,2,2,6,2,13,1,10,0,7,1,18,0,6,0,2,0,4,0,0,0,2,0,20,0
CE10_chr8_47308615,6,10,6,4,9,5,4,6,7,7,12,8,1,13,7,1,6,10,17,3,12,6,0,20,1,21,1,17,2,18,2,10,1,17,0,10,0,8,0,4,9,1,6,2,12,0,15,5,9,11,2,4,4,0,2,0,7,1,2,2,2,0,8,6,16,4,18,2,15,1,13,3,6,12,0,2,7,13,5,5,1,7,17,3,2,8,0,4,8,0,13,3,9,1,9,5,20,0,6,0,2,0,4,0,6,0,2,0,6,12
CE10_chr8_47309276,15,3,10,0,10,4,5,5,9,5,14,6,4,12,7,1,8,8,16,2,16,4,17,3,18,4,18,2,17,3,9,5,15,3,1,9,4,4,4,0,9,1,7,1,12,0,14,6,10,10,2,6,4,0,2,0,7,1,2,2,2,0,6,8,16,4,20,0,15,1,14,4,4,14,1,3,9,11,6,4,0,6,17,3,2,6,0,4,8,0,14,2,9,1,8,6,20,0,6,0,2,0,4,0,6,0,2,0,4,14
